{"type":"FeatureCollection","metadata":{"schemaVersion":1,"coverage":"Solent starter area: 50.55–51.05 N, 1.95–0.75 W","source":"OpenStreetMap Overpass extracts plus Tide and Seek bundled tide stations","sourceUpdated":"2026-08-20T23:52:06Z","attribution":"© OpenStreetMap contributors, ODbL; TICON-4 via Neaps, CC BY 4.0","warning":"Planning context only. Not an official chart or pilotage publication."},"features":[{"type":"Feature","id":"osm:node/9155705326","geometry":{"type":"Point","coordinates":[-1.2483216,50.7806518]},"properties":{"name":"Alpha Anchorage","category":"anchorage","sourceName":"OpenStreetMap","sourceFeatureId":"osm:node/9155705326","sourceUrl":"https://www.openstreetmap.org/node/9155705326","sourceUpdated":"2026-08-20T23:29:45Z","licence":"ODbL 1.0","warning":"Community-maintained place data. Verify access, facilities and local restrictions."}},{"type":"Feature","id":"osm:node/9155705323","geometry":{"type":"Point","coordinates":[-1.2847191,50.7699322]},"properties":{"name":"Anchorage","category":"anchorage","sourceName":"OpenStreetMap","sourceFeatureId":"osm:node/9155705323","sourceUrl":"https://www.openstreetmap.org/node/9155705323","sourceUpdated":"2026-08-20T23:29:45Z","licence":"ODbL 1.0","warning":"Community-maintained place data. Verify access, facilities and local restrictions."}},{"type":"Feature","id":"osm:node/9155705324","geometry":{"type":"Point","coordinates":[-1.2911618,50.7720051]},"properties":{"name":"Anchorage","category":"anchorage","sourceName":"OpenStreetMap","sourceFeatureId":"osm:node/9155705324","sourceUrl":"https://www.openstreetmap.org/node/9155705324","sourceUpdated":"2026-08-20T23:29:45Z","licence":"ODbL 1.0","warning":"Community-maintained place data. Verify access, facilities and local restrictions."}},{"type":"Feature","id":"osm:node/9155705325","geometry":{"type":"Point","coordinates":[-1.2923741,50.7719508]},"properties":{"name":"Anchorage","category":"anchorage","sourceName":"OpenStreetMap","sourceFeatureId":"osm:node/9155705325","sourceUrl":"https://www.openstreetmap.org/node/9155705325","sourceUpdated":"2026-08-20T23:29:45Z","licence":"ODbL 1.0","warning":"Community-maintained place data. Verify access, facilities and local restrictions."}},{"type":"Feature","id":"osm:node/9157660349","geometry":{"type":"Point","coordinates":[-0.8777905,50.8092772]},"properties":{"name":"Anchorage","category":"anchorage","sourceName":"OpenStreetMap","sourceFeatureId":"osm:node/9157660349","sourceUrl":"https://www.openstreetmap.org/node/9157660349","sourceUpdated":"2026-08-20T23:29:45Z","licence":"ODbL 1.0","warning":"Community-maintained place data. Verify access, facilities and local restrictions."}},{"type":"Feature","id":"osm:node/9162230720","geometry":{"type":"Point","coordinates":[-1.0241747,50.8139481]},"properties":{"name":"Anchorage","category":"anchorage","sourceName":"OpenStreetMap","sourceFeatureId":"osm:node/9162230720","sourceUrl":"https://www.openstreetmap.org/node/9162230720","sourceUpdated":"2026-08-20T23:29:45Z","licence":"ODbL 1.0","warning":"Community-maintained place data. Verify access, facilities and local restrictions."}},{"type":"Feature","id":"osm:way/990915154","geometry":{"type":"Point","coordinates":[-1.4043737,50.7239392]},"properties":{"name":"Anchorage","category":"anchorage","sourceName":"OpenStreetMap","sourceFeatureId":"osm:way/990915154","sourceUrl":"https://www.openstreetmap.org/way/990915154","sourceUpdated":"2026-08-20T23:30:50Z","licence":"ODbL 1.0","warning":"Community-maintained place data. Verify access, facilities and local restrictions."}},{"type":"Feature","id":"osm:way/991130968","geometry":{"type":"Point","coordinates":[-0.9109238,50.7905329]},"properties":{"name":"Anchorage","category":"anchorage","sourceName":"OpenStreetMap","sourceFeatureId":"osm:way/991130968","sourceUrl":"https://www.openstreetmap.org/way/991130968","sourceUpdated":"2026-08-20T23:30:50Z","licence":"ODbL 1.0","warning":"Community-maintained place data. Verify access, facilities and local restrictions."}},{"type":"Feature","id":"osm:node/879665934","geometry":{"type":"Point","coordinates":[-1.5589725,50.681215]},"properties":{"name":"Totland Bay","category":"anchorage","facility":"small craft","sourceName":"OpenStreetMap","sourceFeatureId":"osm:node/879665934","sourceUrl":"https://www.openstreetmap.org/node/879665934","sourceUpdated":"2026-08-20T23:29:45Z","licence":"ODbL 1.0","warning":"Community-maintained place data. Verify access, facilities and local restrictions."}},{"type":"Feature","id":"osm:node/1365543518","geometry":{"type":"Point","coordinates":[-1.0984805,50.6929739]},"properties":{"name":"Bembridge Harbour","category":"harbour","facility":"port","sourceName":"OpenStreetMap","sourceFeatureId":"osm:node/1365543518","sourceUrl":"https://www.openstreetmap.org/node/1365543518","sourceUpdated":"2026-08-20T23:29:45Z","licence":"ODbL 1.0","warning":"Community-maintained place data. Verify access, facilities and local restrictions."}},{"type":"Feature","id":"osm:node/2113130389","geometry":{"type":"Point","coordinates":[-1.1065012,50.7911874]},"properties":{"name":"Camber Docks","category":"harbour","sourceName":"OpenStreetMap","sourceFeatureId":"osm:node/2113130389","sourceUrl":"https://www.openstreetmap.org/node/2113130389","sourceUpdated":"2026-08-20T23:29:45Z","licence":"ODbL 1.0","warning":"Community-maintained place data. Verify access, facilities and local restrictions."}},{"type":"Feature","id":"osm:relation/3513638","geometry":{"type":"Point","coordinates":[-1.4412812,50.9092591]},"properties":{"name":"Port of Southampton","category":"harbour","facility":"port","sourceName":"OpenStreetMap","sourceFeatureId":"osm:relation/3513638","sourceUrl":"https://www.openstreetmap.org/relation/3513638","sourceUpdated":"2026-08-20T23:52:06Z","licence":"ODbL 1.0","warning":"Community-maintained place data. Verify access, facilities and local restrictions."}},{"type":"Feature","id":"osm:way/674435132","geometry":{"type":"Point","coordinates":[-1.406198,50.896582]},"properties":{"name":"Red Funnel Terminal 1","category":"harbour","facility":"port","sourceName":"OpenStreetMap","sourceFeatureId":"osm:way/674435132","sourceUrl":"https://www.openstreetmap.org/way/674435132","sourceUpdated":"2026-08-20T23:52:06Z","licence":"ODbL 1.0","warning":"Community-maintained place data. Verify access, facilities and local restrictions."}},{"type":"Feature","id":"osm:way/37434459","geometry":{"type":"Point","coordinates":[-1.289796,50.7581571]},"properties":{"name":"Red Funnel Terminal vehicle marshalling yard","category":"harbour","facility":"port","sourceName":"OpenStreetMap","sourceFeatureId":"osm:way/37434459","sourceUrl":"https://www.openstreetmap.org/way/37434459","sourceUpdated":"2026-08-20T23:52:06Z","licence":"ODbL 1.0","warning":"Community-maintained place data. Verify access, facilities and local restrictions."}},{"type":"Feature","id":"osm:node/252026088","geometry":{"type":"Point","coordinates":[-1.2048366,50.5926119]},"properties":{"name":"Ventnor Haven","category":"harbour","facility":"port","sourceName":"OpenStreetMap","sourceFeatureId":"osm:node/252026088","sourceUrl":"https://www.openstreetmap.org/node/252026088","sourceUpdated":"2026-08-20T23:29:45Z","licence":"ODbL 1.0","warning":"Community-maintained place data. Verify access, facilities and local restrictions."}},{"type":"Feature","id":"osm:node/675345353","geometry":{"type":"Point","coordinates":[-1.3380194,50.8272786]},"properties":{"name":"Ashlett Creek Sailing Club","category":"marina","facility":"marina","sourceName":"OpenStreetMap","sourceFeatureId":"osm:node/675345353","sourceUrl":"https://www.openstreetmap.org/node/675345353","sourceUpdated":"2026-08-20T23:29:45Z","licence":"ODbL 1.0","warning":"Community-maintained place data. Verify access, facilities and local restrictions."}},{"type":"Feature","id":"osm:way/228186391","geometry":{"type":"Point","coordinates":[-1.5325605,50.756894]},"properties":{"name":"Berthon Marina","category":"marina","facility":"marina","sourceName":"OpenStreetMap","sourceFeatureId":"osm:way/228186391","sourceUrl":"https://www.openstreetmap.org/way/228186391","sourceUpdated":"2026-08-20T23:30:50Z","licence":"ODbL 1.0","warning":"Community-maintained place data. Verify access, facilities and local restrictions."}},{"type":"Feature","id":"osm:way/28883253","geometry":{"type":"Point","coordinates":[-0.831797,50.8034546]},"properties":{"name":"Birdham Pool","category":"marina","facility":"marina","sourceName":"OpenStreetMap","sourceFeatureId":"osm:way/28883253","sourceUrl":"https://www.openstreetmap.org/way/28883253","sourceUpdated":"2026-08-20T23:30:50Z","licence":"ODbL 1.0","warning":"Community-maintained place data. Verify access, facilities and local restrictions."}},{"type":"Feature","id":"osm:way/494476413","geometry":{"type":"Point","coordinates":[-1.1222968,50.791778]},"properties":{"name":"Boat Yard","category":"marina","facility":"marina","sourceName":"OpenStreetMap","sourceFeatureId":"osm:way/494476413","sourceUrl":"https://www.openstreetmap.org/way/494476413","sourceUpdated":"2026-08-20T23:30:50Z","licence":"ODbL 1.0","warning":"Community-maintained place data. Verify access, facilities and local restrictions."}},{"type":"Feature","id":"osm:way/487406430","geometry":{"type":"Point","coordinates":[-1.1583636,50.8380948]},"properties":{"name":"Boatyard","category":"marina","facility":"marina","sourceName":"OpenStreetMap","sourceFeatureId":"osm:way/487406430","sourceUrl":"https://www.openstreetmap.org/way/487406430","sourceUpdated":"2026-08-20T23:30:50Z","licence":"ODbL 1.0","warning":"Community-maintained place data. Verify access, facilities and local restrictions."}},{"type":"Feature","id":"osm:way/120511897","geometry":{"type":"Point","coordinates":[-1.4223644,50.8012869]},"properties":{"name":"Bucklers Hard Marina","category":"marina","facility":"marina","sourceName":"OpenStreetMap","sourceFeatureId":"osm:way/120511897","sourceUrl":"https://www.openstreetmap.org/way/120511897","sourceUpdated":"2026-08-20T23:30:50Z","licence":"ODbL 1.0","warning":"Community-maintained place data. Verify access, facilities and local restrictions."}},{"type":"Feature","id":"osm:way/3353382","geometry":{"type":"Point","coordinates":[-0.8206973,50.8041697]},"properties":{"name":"Chichester Marina","category":"marina","facility":"marina","sourceName":"OpenStreetMap","sourceFeatureId":"osm:way/3353382","sourceUrl":"https://www.openstreetmap.org/way/3353382","sourceUpdated":"2026-08-20T23:30:50Z","licence":"ODbL 1.0","warning":"Community-maintained place data. Verify access, facilities and local restrictions."}},{"type":"Feature","id":"osm:way/554555494","geometry":{"type":"Point","coordinates":[-0.874995,50.817959]},"properties":{"name":"Christian Youth Enterprises (CYE)","category":"marina","facility":"marina","sourceName":"OpenStreetMap","sourceFeatureId":"osm:way/554555494","sourceUrl":"https://www.openstreetmap.org/way/554555494","sourceUpdated":"2026-08-20T23:30:50Z","licence":"ODbL 1.0","warning":"Community-maintained place data. Verify access, facilities and local restrictions."}},{"type":"Feature","id":"osm:node/1443483796","geometry":{"type":"Point","coordinates":[-1.2966036,50.7614678]},"properties":{"name":"Cowes Yacht Haven","category":"marina","facility":"marina","sourceName":"OpenStreetMap","sourceFeatureId":"osm:node/1443483796","sourceUrl":"https://www.openstreetmap.org/node/1443483796","sourceUpdated":"2026-08-20T23:29:45Z","licence":"ODbL 1.0","warning":"Community-maintained place data. Verify access, facilities and local restrictions."}},{"type":"Feature","id":"osm:way/707195965","geometry":{"type":"Point","coordinates":[-1.2951548,50.7616185]},"properties":{"name":"Cowes Yacht Haven","category":"marina","facility":"marina","sourceName":"OpenStreetMap","sourceFeatureId":"osm:way/707195965","sourceUrl":"https://www.openstreetmap.org/way/707195965","sourceUpdated":"2026-08-20T23:30:50Z","licence":"ODbL 1.0","warning":"Community-maintained place data. Verify access, facilities and local restrictions."}},{"type":"Feature","id":"osm:way/205503540","geometry":{"type":"Point","coordinates":[-1.2907811,50.7511591]},"properties":{"name":"East Cowes Marina","category":"marina","facility":"marina","sourceName":"OpenStreetMap","sourceFeatureId":"osm:way/205503540","sourceUrl":"https://www.openstreetmap.org/way/205503540","sourceUpdated":"2026-08-20T23:30:50Z","licence":"ODbL 1.0","warning":"Community-maintained place data. Verify access, facilities and local restrictions."}},{"type":"Feature","id":"osm:way/33143649","geometry":{"type":"Point","coordinates":[-0.9313898,50.8424557]},"properties":{"name":"Emsworth Marina","category":"marina","facility":"marina","sourceName":"OpenStreetMap","sourceFeatureId":"osm:way/33143649","sourceUrl":"https://www.openstreetmap.org/way/33143649","sourceUpdated":"2026-08-20T23:30:50Z","licence":"ODbL 1.0","warning":"Community-maintained place data. Verify access, facilities and local restrictions."}},{"type":"Feature","id":"osm:way/498576516","geometry":{"type":"Point","coordinates":[-1.1191624,50.7983022]},"properties":{"name":"Gosport Marina","category":"marina","facility":"marina","operator":"Premier Marinas","sourceName":"OpenStreetMap","sourceFeatureId":"osm:way/498576516","sourceUrl":"https://www.openstreetmap.org/way/498576516","sourceUpdated":"2026-08-20T23:30:50Z","licence":"ODbL 1.0","warning":"Community-maintained place data. Verify access, facilities and local restrictions."}},{"type":"Feature","id":"osm:way/521545915","geometry":{"type":"Point","coordinates":[-1.1081017,50.7948521]},"properties":{"name":"Gunwharf Quays Marina","category":"marina","facility":"marina","sourceName":"OpenStreetMap","sourceFeatureId":"osm:way/521545915","sourceUrl":"https://www.openstreetmap.org/way/521545915","sourceUpdated":"2026-08-20T23:30:50Z","licence":"ODbL 1.0","warning":"Community-maintained place data. Verify access, facilities and local restrictions."}},{"type":"Feature","id":"osm:relation/3518702","geometry":{"type":"Point","coordinates":[-1.3118424,50.8514921]},"properties":{"name":"Hamble Point Marina","category":"marina","sourceName":"OpenStreetMap","sourceFeatureId":"osm:relation/3518702","sourceUrl":"https://www.openstreetmap.org/relation/3518702","sourceUpdated":"2026-08-20T23:30:50Z","licence":"ODbL 1.0","warning":"Community-maintained place data. Verify access, facilities and local restrictions."}},{"type":"Feature","id":"osm:node/4586158073","geometry":{"type":"Point","coordinates":[-1.3133392,50.8629991]},"properties":{"name":"Hamble Yacht Services","category":"marina","sourceName":"OpenStreetMap","sourceFeatureId":"osm:node/4586158073","sourceUrl":"https://www.openstreetmap.org/node/4586158073","sourceUpdated":"2026-08-20T23:29:45Z","licence":"ODbL 1.0","warning":"Community-maintained place data. Verify access, facilities and local restrictions."}},{"type":"Feature","id":"osm:node/4539460077","geometry":{"type":"Point","coordinates":[-1.2906381,50.7508315]},"properties":{"name":"Harbour Office","category":"marina","facility":"marina","sourceName":"OpenStreetMap","sourceFeatureId":"osm:node/4539460077","sourceUrl":"https://www.openstreetmap.org/node/4539460077","sourceUpdated":"2026-08-20T23:29:45Z","licence":"ODbL 1.0","warning":"Community-maintained place data. Verify access, facilities and local restrictions."}},{"type":"Feature","id":"osm:node/49295599","geometry":{"type":"Point","coordinates":[-1.1206946,50.7903984]},"properties":{"name":"Haslar Marina","category":"marina","facility":"marina","sourceName":"OpenStreetMap","sourceFeatureId":"osm:node/49295599","sourceUrl":"https://www.openstreetmap.org/node/49295599","sourceUpdated":"2026-08-20T23:29:45Z","licence":"ODbL 1.0","warning":"Community-maintained place data. Verify access, facilities and local restrictions."}},{"type":"Feature","id":"osm:way/225109863","geometry":{"type":"Point","coordinates":[-1.1183964,50.7912443]},"properties":{"name":"Haslar Marina","category":"marina","facility":"marina","sourceName":"OpenStreetMap","sourceFeatureId":"osm:way/225109863","sourceUrl":"https://www.openstreetmap.org/way/225109863","sourceUpdated":"2026-08-20T23:30:50Z","licence":"ODbL 1.0","warning":"Community-maintained place data. Verify access, facilities and local restrictions."}},{"type":"Feature","id":"osm:node/305810364","geometry":{"type":"Point","coordinates":[-1.2428972,50.8180095]},"properties":{"name":"Hill Head Harbour","category":"marina","facility":"marina","sourceName":"OpenStreetMap","sourceFeatureId":"osm:node/305810364","sourceUrl":"https://www.openstreetmap.org/node/305810364","sourceUpdated":"2026-08-20T23:29:45Z","licence":"ODbL 1.0","warning":"Community-maintained place data. Verify access, facilities and local restrictions."}},{"type":"Feature","id":"osm:way/10524063","geometry":{"type":"Point","coordinates":[-1.4012005,50.8743041]},"properties":{"name":"Hythe Marina Village","category":"marina","facility":"marina","sourceName":"OpenStreetMap","sourceFeatureId":"osm:way/10524063","sourceUrl":"https://www.openstreetmap.org/way/10524063","sourceUpdated":"2026-08-20T23:30:50Z","licence":"ODbL 1.0","warning":"Community-maintained place data. Verify access, facilities and local restrictions."}},{"type":"Feature","id":"osm:way/935741779","geometry":{"type":"Point","coordinates":[-1.2769029,50.7254356]},"properties":{"name":"Island Harbour Marina","category":"marina","facility":"marina","sourceName":"OpenStreetMap","sourceFeatureId":"osm:way/935741779","sourceUrl":"https://www.openstreetmap.org/way/935741779","sourceUpdated":"2026-08-20T23:30:50Z","licence":"ODbL 1.0","warning":"Community-maintained place data. Verify access, facilities and local restrictions."}},{"type":"Feature","id":"osm:node/2929418625","geometry":{"type":"Point","coordinates":[-1.3886868,50.9021801]},"properties":{"name":"Itchen Marine","category":"marina","facility":"marina","sourceName":"OpenStreetMap","sourceFeatureId":"osm:node/2929418625","sourceUrl":"https://www.openstreetmap.org/node/2929418625","sourceUpdated":"2026-08-20T23:29:45Z","licence":"ODbL 1.0","warning":"Community-maintained place data. Verify access, facilities and local restrictions."}},{"type":"Feature","id":"osm:way/494832386","geometry":{"type":"Point","coordinates":[-1.1202314,50.7887896]},"properties":{"name":"Joint Services Adventurous Sail Training Centre (JSASTC)","category":"marina","facility":"marina","sourceName":"OpenStreetMap","sourceFeatureId":"osm:way/494832386","sourceUrl":"https://www.openstreetmap.org/way/494832386","sourceUpdated":"2026-08-20T23:30:50Z","licence":"ODbL 1.0","warning":"Community-maintained place data. Verify access, facilities and local restrictions."}},{"type":"Feature","id":"osm:node/700236002","geometry":{"type":"Point","coordinates":[-1.3778693,50.9145617]},"properties":{"name":"Kemps Quay Marina","category":"marina","facility":"marina","sourceName":"OpenStreetMap","sourceFeatureId":"osm:node/700236002","sourceUrl":"https://www.openstreetmap.org/node/700236002","sourceUpdated":"2026-08-20T23:29:45Z","licence":"ODbL 1.0","warning":"Community-maintained place data. Verify access, facilities and local restrictions."}},{"type":"Feature","id":"osm:way/228184967","geometry":{"type":"Point","coordinates":[-1.528255,50.7511507]},"properties":{"name":"Lymington Yacht Haven","category":"marina","facility":"marina","sourceName":"OpenStreetMap","sourceFeatureId":"osm:way/228184967","sourceUrl":"https://www.openstreetmap.org/way/228184967","sourceUpdated":"2026-08-20T23:30:50Z","licence":"ODbL 1.0","warning":"Community-maintained place data. Verify access, facilities and local restrictions."}},{"type":"Feature","id":"osm:way/149532515","geometry":{"type":"Point","coordinates":[-1.5023564,50.7031445]},"properties":{"name":"Marina","category":"marina","facility":"marina","sourceName":"OpenStreetMap","sourceFeatureId":"osm:way/149532515","sourceUrl":"https://www.openstreetmap.org/way/149532515","sourceUpdated":"2026-08-20T23:30:50Z","licence":"ODbL 1.0","warning":"Community-maintained place data. Verify access, facilities and local restrictions."}},{"type":"Feature","id":"osm:way/150185410","geometry":{"type":"Point","coordinates":[-1.5010047,50.7002519]},"properties":{"name":"Marina","category":"marina","facility":"marina","sourceName":"OpenStreetMap","sourceFeatureId":"osm:way/150185410","sourceUrl":"https://www.openstreetmap.org/way/150185410","sourceUpdated":"2026-08-20T23:30:50Z","licence":"ODbL 1.0","warning":"Community-maintained place data. Verify access, facilities and local restrictions."}},{"type":"Feature","id":"osm:way/156568465","geometry":{"type":"Point","coordinates":[-1.0909655,50.8154393]},"properties":{"name":"Marina","category":"marina","facility":"marina","sourceName":"OpenStreetMap","sourceFeatureId":"osm:way/156568465","sourceUrl":"https://www.openstreetmap.org/way/156568465","sourceUpdated":"2026-08-20T23:30:50Z","licence":"ODbL 1.0","warning":"Community-maintained place data. Verify access, facilities and local restrictions."}},{"type":"Feature","id":"osm:way/199769973","geometry":{"type":"Point","coordinates":[-1.7905891,50.7310601]},"properties":{"name":"Marina","category":"marina","facility":"marina","sourceName":"OpenStreetMap","sourceFeatureId":"osm:way/199769973","sourceUrl":"https://www.openstreetmap.org/way/199769973","sourceUpdated":"2026-08-20T23:30:50Z","licence":"ODbL 1.0","warning":"Community-maintained place data. Verify access, facilities and local restrictions."}},{"type":"Feature","id":"osm:way/23224461","geometry":{"type":"Point","coordinates":[-1.0991888,50.8429515]},"properties":{"name":"Marina","category":"marina","facility":"marina","sourceName":"OpenStreetMap","sourceFeatureId":"osm:way/23224461","sourceUrl":"https://www.openstreetmap.org/way/23224461","sourceUpdated":"2026-08-20T23:30:50Z","licence":"ODbL 1.0","warning":"Community-maintained place data. Verify access, facilities and local restrictions."}},{"type":"Feature","id":"osm:way/32206878","geometry":{"type":"Point","coordinates":[-1.0304849,50.7928548]},"properties":{"name":"Marina","category":"marina","facility":"marina","sourceName":"OpenStreetMap","sourceFeatureId":"osm:way/32206878","sourceUrl":"https://www.openstreetmap.org/way/32206878","sourceUpdated":"2026-08-20T23:30:50Z","licence":"ODbL 1.0","warning":"Community-maintained place data. Verify access, facilities and local restrictions."}},{"type":"Feature","id":"osm:way/486863175","geometry":{"type":"Point","coordinates":[-1.1454891,50.8409295]},"properties":{"name":"Marina","category":"marina","sourceName":"OpenStreetMap","sourceFeatureId":"osm:way/486863175","sourceUrl":"https://www.openstreetmap.org/way/486863175","sourceUpdated":"2026-08-20T23:30:50Z","licence":"ODbL 1.0","warning":"Community-maintained place data. Verify access, facilities and local restrictions."}},{"type":"Feature","id":"osm:way/487406444","geometry":{"type":"Point","coordinates":[-1.1586601,50.8373952]},"properties":{"name":"Marina","category":"marina","facility":"marina","sourceName":"OpenStreetMap","sourceFeatureId":"osm:way/487406444","sourceUrl":"https://www.openstreetmap.org/way/487406444","sourceUpdated":"2026-08-20T23:30:50Z","licence":"ODbL 1.0","warning":"Community-maintained place data. Verify access, facilities and local restrictions."}},{"type":"Feature","id":"osm:way/496342198","geometry":{"type":"Point","coordinates":[-1.1164936,50.788563]},"properties":{"name":"Marina","category":"marina","facility":"marina","sourceName":"OpenStreetMap","sourceFeatureId":"osm:way/496342198","sourceUrl":"https://www.openstreetmap.org/way/496342198","sourceUpdated":"2026-08-20T23:30:50Z","licence":"ODbL 1.0","warning":"Community-maintained place data. Verify access, facilities and local restrictions."}},{"type":"Feature","id":"osm:way/499166562","geometry":{"type":"Point","coordinates":[-1.1342321,50.8131658]},"properties":{"name":"Marina","category":"marina","facility":"marina","sourceName":"OpenStreetMap","sourceFeatureId":"osm:way/499166562","sourceUrl":"https://www.openstreetmap.org/way/499166562","sourceUpdated":"2026-08-20T23:30:50Z","licence":"ODbL 1.0","warning":"Community-maintained place data. Verify access, facilities and local restrictions."}},{"type":"Feature","id":"osm:way/499528084","geometry":{"type":"Point","coordinates":[-1.1248712,50.80382]},"properties":{"name":"Marina","category":"marina","facility":"marina","sourceName":"OpenStreetMap","sourceFeatureId":"osm:way/499528084","sourceUrl":"https://www.openstreetmap.org/way/499528084","sourceUpdated":"2026-08-20T23:30:50Z","licence":"ODbL 1.0","warning":"Community-maintained place data. Verify access, facilities and local restrictions."}},{"type":"Feature","id":"osm:way/499626080","geometry":{"type":"Point","coordinates":[-1.1389594,50.8158196]},"properties":{"name":"Marina","category":"marina","facility":"marina","sourceName":"OpenStreetMap","sourceFeatureId":"osm:way/499626080","sourceUrl":"https://www.openstreetmap.org/way/499626080","sourceUpdated":"2026-08-20T23:30:50Z","licence":"ODbL 1.0","warning":"Community-maintained place data. Verify access, facilities and local restrictions."}},{"type":"Feature","id":"osm:way/503013290","geometry":{"type":"Point","coordinates":[-1.0347071,50.7910802]},"properties":{"name":"Marina","category":"marina","facility":"marina","sourceName":"OpenStreetMap","sourceFeatureId":"osm:way/503013290","sourceUrl":"https://www.openstreetmap.org/way/503013290","sourceUpdated":"2026-08-20T23:30:50Z","licence":"ODbL 1.0","warning":"Community-maintained place data. Verify access, facilities and local restrictions."}},{"type":"Feature","id":"osm:way/509419238","geometry":{"type":"Point","coordinates":[-1.0244129,50.7956985]},"properties":{"name":"Marina","category":"marina","facility":"marina","sourceName":"OpenStreetMap","sourceFeatureId":"osm:way/509419238","sourceUrl":"https://www.openstreetmap.org/way/509419238","sourceUpdated":"2026-08-20T23:30:50Z","licence":"ODbL 1.0","warning":"Community-maintained place data. Verify access, facilities and local restrictions."}},{"type":"Feature","id":"osm:way/92889799","geometry":{"type":"Point","coordinates":[-0.969404,50.8050501]},"properties":{"name":"Marina","category":"marina","facility":"marina","sourceName":"OpenStreetMap","sourceFeatureId":"osm:way/92889799","sourceUrl":"https://www.openstreetmap.org/way/92889799","sourceUpdated":"2026-08-20T23:30:50Z","licence":"ODbL 1.0","warning":"Community-maintained place data. Verify access, facilities and local restrictions."}},{"type":"Feature","id":"osm:way/180548083","geometry":{"type":"Point","coordinates":[-1.3116718,50.8710121]},"properties":{"name":"Mercury Yacht Harbour","category":"marina","sourceName":"OpenStreetMap","sourceFeatureId":"osm:way/180548083","sourceUrl":"https://www.openstreetmap.org/way/180548083","sourceUpdated":"2026-08-20T23:30:50Z","licence":"ODbL 1.0","warning":"Community-maintained place data. Verify access, facilities and local restrictions."}},{"type":"Feature","id":"osm:way/183141582","geometry":{"type":"Point","coordinates":[-1.3526868,50.8709579]},"properties":{"name":"Netley Cliff Sailing Club","category":"marina","facility":"marina","sourceName":"OpenStreetMap","sourceFeatureId":"osm:way/183141582","sourceUrl":"https://www.openstreetmap.org/way/183141582","sourceUpdated":"2026-08-20T23:30:50Z","licence":"ODbL 1.0","warning":"Community-maintained place data. Verify access, facilities and local restrictions."}},{"type":"Feature","id":"osm:way/31119739","geometry":{"type":"Point","coordinates":[-0.9664989,50.8330928]},"properties":{"name":"Northney Marina","category":"marina","facility":"marina","operator":"MDL Northney Marina","sourceName":"OpenStreetMap","sourceFeatureId":"osm:way/31119739","sourceUrl":"https://www.openstreetmap.org/way/31119739","sourceUpdated":"2026-08-20T23:30:50Z","licence":"ODbL 1.0","warning":"Community-maintained place data. Verify access, facilities and local restrictions."}},{"type":"Feature","id":"osm:node/700235935","geometry":{"type":"Point","coordinates":[-1.3842211,50.908114]},"properties":{"name":"Ocean Quay Marina","category":"marina","facility":"marina","sourceName":"OpenStreetMap","sourceFeatureId":"osm:node/700235935","sourceUrl":"https://www.openstreetmap.org/node/700235935","sourceUpdated":"2026-08-20T23:29:45Z","licence":"ODbL 1.0","warning":"Community-maintained place data. Verify access, facilities and local restrictions."}},{"type":"Feature","id":"osm:way/262376853","geometry":{"type":"Point","coordinates":[-1.3904653,50.8954266]},"properties":{"name":"Ocean Village Marina","category":"marina","facility":"marina","sourceName":"OpenStreetMap","sourceFeatureId":"osm:way/262376853","sourceUrl":"https://www.openstreetmap.org/way/262376853","sourceUpdated":"2026-08-20T23:30:50Z","licence":"ODbL 1.0","warning":"Community-maintained place data. Verify access, facilities and local restrictions."}},{"type":"Feature","id":"osm:way/180547838","geometry":{"type":"Point","coordinates":[-1.3123085,50.8609858]},"properties":{"name":"Port Hamble","category":"marina","operator":"MDL","sourceName":"OpenStreetMap","sourceFeatureId":"osm:way/180547838","sourceUrl":"https://www.openstreetmap.org/way/180547838","sourceUpdated":"2026-08-20T23:30:50Z","licence":"ODbL 1.0","warning":"Community-maintained place data. Verify access, facilities and local restrictions."}},{"type":"Feature","id":"osm:relation/65337","geometry":{"type":"Point","coordinates":[-1.0991888,50.8429515]},"properties":{"name":"Port Solent","category":"marina","facility":"marina","sourceName":"OpenStreetMap","sourceFeatureId":"osm:relation/65337","sourceUrl":"https://www.openstreetmap.org/relation/65337","sourceUpdated":"2026-08-20T23:30:50Z","licence":"ODbL 1.0","warning":"Community-maintained place data. Verify access, facilities and local restrictions."}},{"type":"Feature","id":"osm:way/241283646","geometry":{"type":"Point","coordinates":[-1.3808459,50.9223028]},"properties":{"name":"Priory Boat Yard","category":"marina","facility":"marina","sourceName":"OpenStreetMap","sourceFeatureId":"osm:way/241283646","sourceUrl":"https://www.openstreetmap.org/way/241283646","sourceUpdated":"2026-08-20T23:30:50Z","licence":"ODbL 1.0","warning":"Community-maintained place data. Verify access, facilities and local restrictions."}},{"type":"Feature","id":"osm:node/4247946089","geometry":{"type":"Point","coordinates":[-1.2913619,50.7617262]},"properties":{"name":"Proposed Marina (Victoria Quays Development)","category":"marina","facility":"marina","sourceName":"OpenStreetMap","sourceFeatureId":"osm:node/4247946089","sourceUrl":"https://www.openstreetmap.org/node/4247946089","sourceUpdated":"2026-08-20T23:29:45Z","licence":"ODbL 1.0","warning":"Community-maintained place data. Verify access, facilities and local restrictions."}},{"type":"Feature","id":"osm:way/499528083","geometry":{"type":"Point","coordinates":[-1.1234473,50.8025468]},"properties":{"name":"Royal Clarence Marina","category":"marina","facility":"marina","sourceName":"OpenStreetMap","sourceFeatureId":"osm:way/499528083","sourceUrl":"https://www.openstreetmap.org/way/499528083","sourceUpdated":"2026-08-20T23:30:50Z","licence":"ODbL 1.0","warning":"Community-maintained place data. Verify access, facilities and local restrictions."}},{"type":"Feature","id":"osm:way/235430148","geometry":{"type":"Point","coordinates":[-1.946677,50.6887368]},"properties":{"name":"Royal Motor Yacht Club","category":"marina","facility":"marina","sourceName":"OpenStreetMap","sourceFeatureId":"osm:way/235430148","sourceUrl":"https://www.openstreetmap.org/way/235430148","sourceUpdated":"2026-08-20T23:30:50Z","licence":"ODbL 1.0","warning":"Community-maintained place data. Verify access, facilities and local restrictions."}},{"type":"Feature","id":"osm:node/3703498530","geometry":{"type":"Point","coordinates":[-1.413189,50.7842081]},"properties":{"name":"Royal Southampton Yacht Club","category":"marina","sourceName":"OpenStreetMap","sourceFeatureId":"osm:node/3703498530","sourceUrl":"https://www.openstreetmap.org/node/3703498530","sourceUpdated":"2026-08-20T23:29:45Z","licence":"ODbL 1.0","warning":"Community-maintained place data. Verify access, facilities and local restrictions."}},{"type":"Feature","id":"osm:node/314664746","geometry":{"type":"Point","coordinates":[-1.1543982,50.7325511]},"properties":{"name":"Ryde Harbour","category":"marina","facility":"marina","sourceName":"OpenStreetMap","sourceFeatureId":"osm:node/314664746","sourceUrl":"https://www.openstreetmap.org/node/314664746","sourceUpdated":"2026-08-20T23:29:45Z","licence":"ODbL 1.0","warning":"Community-maintained place data. Verify access, facilities and local restrictions."}},{"type":"Feature","id":"osm:way/469632787","geometry":{"type":"Point","coordinates":[-1.300146,50.7666933]},"properties":{"name":"RYS Private Harbour","category":"marina","sourceName":"OpenStreetMap","sourceFeatureId":"osm:way/469632787","sourceUrl":"https://www.openstreetmap.org/way/469632787","sourceUpdated":"2026-08-20T23:30:50Z","licence":"ODbL 1.0","warning":"Community-maintained place data. Verify access, facilities and local restrictions."}},{"type":"Feature","id":"osm:way/117681387","geometry":{"type":"Point","coordinates":[-1.9503708,50.7052549]},"properties":{"name":"Salterns Marina","category":"marina","facility":"marina","sourceName":"OpenStreetMap","sourceFeatureId":"osm:way/117681387","sourceUrl":"https://www.openstreetmap.org/way/117681387","sourceUpdated":"2026-08-20T23:30:50Z","licence":"ODbL 1.0","warning":"Community-maintained place data. Verify access, facilities and local restrictions."}},{"type":"Feature","id":"osm:node/6579720727","geometry":{"type":"Point","coordinates":[-1.0959372,50.6916934]},"properties":{"name":"Selwyn Marina","category":"marina","facility":"marina","sourceName":"OpenStreetMap","sourceFeatureId":"osm:node/6579720727","sourceUrl":"https://www.openstreetmap.org/node/6579720727","sourceUpdated":"2026-08-20T23:29:45Z","licence":"ODbL 1.0","warning":"Community-maintained place data. Verify access, facilities and local restrictions."}},{"type":"Feature","id":"osm:way/142380540","geometry":{"type":"Point","coordinates":[-1.3798456,50.9092191]},"properties":{"name":"Shamrock Quay","category":"marina","facility":"marina","sourceName":"OpenStreetMap","sourceFeatureId":"osm:way/142380540","sourceUrl":"https://www.openstreetmap.org/way/142380540","sourceUpdated":"2026-08-20T23:30:50Z","licence":"ODbL 1.0","warning":"Community-maintained place data. Verify access, facilities and local restrictions."}},{"type":"Feature","id":"osm:way/468762415","geometry":{"type":"Point","coordinates":[-1.2932239,50.7597516]},"properties":{"name":"Shepards Wharf Marina","category":"marina","facility":"marina","sourceName":"OpenStreetMap","sourceFeatureId":"osm:way/468762415","sourceUrl":"https://www.openstreetmap.org/way/468762415","sourceUpdated":"2026-08-20T23:30:50Z","licence":"ODbL 1.0","warning":"Community-maintained place data. Verify access, facilities and local restrictions."}},{"type":"Feature","id":"osm:way/256442404","geometry":{"type":"Point","coordinates":[-0.9426387,50.7857845]},"properties":{"name":"Sparkes Marina","category":"marina","facility":"marina","sourceName":"OpenStreetMap","sourceFeatureId":"osm:way/256442404","sourceUrl":"https://www.openstreetmap.org/way/256442404","sourceUpdated":"2026-08-20T23:30:50Z","licence":"ODbL 1.0","warning":"Community-maintained place data. Verify access, facilities and local restrictions."}},{"type":"Feature","id":"osm:relation/3520742","geometry":{"type":"Point","coordinates":[-1.3002019,50.8822033]},"properties":{"name":"Swanwick Marina","category":"marina","facility":"marina","sourceName":"OpenStreetMap","sourceFeatureId":"osm:relation/3520742","sourceUrl":"https://www.openstreetmap.org/relation/3520742","sourceUpdated":"2026-08-20T23:30:50Z","licence":"ODbL 1.0","warning":"Community-maintained place data. Verify access, facilities and local restrictions."}},{"type":"Feature","id":"osm:relation/3520480","geometry":{"type":"Point","coordinates":[-1.404091,50.8948726]},"properties":{"name":"Town Quay Marina","category":"marina","facility":"marina","sourceName":"OpenStreetMap","sourceFeatureId":"osm:relation/3520480","sourceUrl":"https://www.openstreetmap.org/relation/3520480","sourceUpdated":"2026-08-20T23:30:50Z","licence":"ODbL 1.0","warning":"Community-maintained place data. Verify access, facilities and local restrictions."}},{"type":"Feature","id":"osm:way/180546251","geometry":{"type":"Point","coordinates":[-1.3045949,50.8757771]},"properties":{"name":"Universal Marina","category":"marina","sourceName":"OpenStreetMap","sourceFeatureId":"osm:way/180546251","sourceUrl":"https://www.openstreetmap.org/way/180546251","sourceUpdated":"2026-08-20T23:30:50Z","licence":"ODbL 1.0","warning":"Community-maintained place data. Verify access, facilities and local restrictions."}},{"type":"Feature","id":"osm:way/164058994","geometry":{"type":"Point","coordinates":[-1.3800996,50.933975]},"properties":{"name":"University Boathouse","category":"marina","facility":"marina","sourceName":"OpenStreetMap","sourceFeatureId":"osm:way/164058994","sourceUrl":"https://www.openstreetmap.org/way/164058994","sourceUpdated":"2026-08-20T23:30:50Z","licence":"ODbL 1.0","warning":"Community-maintained place data. Verify access, facilities and local restrictions."}},{"type":"Feature","id":"osm:node/1353059092","geometry":{"type":"Point","coordinates":[-1.1455972,50.8408295]},"properties":{"name":"Wicormarine Boatyard","category":"marina","sourceName":"OpenStreetMap","sourceFeatureId":"osm:node/1353059092","sourceUrl":"https://www.openstreetmap.org/node/1353059092","sourceUpdated":"2026-08-20T23:29:45Z","licence":"ODbL 1.0","warning":"Community-maintained place data. Verify access, facilities and local restrictions."}},{"type":"Feature","id":"osm:way/149532505","geometry":{"type":"Point","coordinates":[-1.5034853,50.705609]},"properties":{"name":"Yarmouth Harbour","category":"marina","facility":"marina","sourceName":"OpenStreetMap","sourceFeatureId":"osm:way/149532505","sourceUrl":"https://www.openstreetmap.org/way/149532505","sourceUpdated":"2026-08-20T23:30:50Z","licence":"ODbL 1.0","warning":"Community-maintained place data. Verify access, facilities and local restrictions."}},{"type":"Feature","id":"osm:node/1328618367","geometry":{"type":"Point","coordinates":[-1.0936913,50.8132047]},"properties":{"name":"5","category":"mooring","facility":"yes","sourceName":"OpenStreetMap","sourceFeatureId":"osm:node/1328618367","sourceUrl":"https://www.openstreetmap.org/node/1328618367","sourceUpdated":"2026-08-20T23:51:03Z","licence":"ODbL 1.0","warning":"Community-maintained place data. Verify access, facilities and local restrictions."}},{"type":"Feature","id":"osm:node/11113903828","geometry":{"type":"Point","coordinates":[-1.9403391,50.6440572]},"properties":{"name":"B6","category":"mooring","facility":"buoy","sourceName":"OpenStreetMap","sourceFeatureId":"osm:node/11113903828","sourceUrl":"https://www.openstreetmap.org/node/11113903828","sourceUpdated":"2026-08-20T23:51:03Z","licence":"ODbL 1.0","warning":"Community-maintained place data. Verify access, facilities and local restrictions."}},{"type":"Feature","id":"osm:node/11113903832","geometry":{"type":"Point","coordinates":[-1.9405865,50.6443807]},"properties":{"name":"B7","category":"mooring","facility":"buoy","sourceName":"OpenStreetMap","sourceFeatureId":"osm:node/11113903832","sourceUrl":"https://www.openstreetmap.org/node/11113903832","sourceUpdated":"2026-08-20T23:51:03Z","licence":"ODbL 1.0","warning":"Community-maintained place data. Verify access, facilities and local restrictions."}},{"type":"Feature","id":"osm:node/11113903820","geometry":{"type":"Point","coordinates":[-1.9398303,50.6442145]},"properties":{"name":"C6","category":"mooring","facility":"buoy","sourceName":"OpenStreetMap","sourceFeatureId":"osm:node/11113903820","sourceUrl":"https://www.openstreetmap.org/node/11113903820","sourceUpdated":"2026-08-20T23:51:03Z","licence":"ODbL 1.0","warning":"Community-maintained place data. Verify access, facilities and local restrictions."}},{"type":"Feature","id":"osm:node/11113903822","geometry":{"type":"Point","coordinates":[-1.9400777,50.644538]},"properties":{"name":"C7","category":"mooring","facility":"buoy","sourceName":"OpenStreetMap","sourceFeatureId":"osm:node/11113903822","sourceUrl":"https://www.openstreetmap.org/node/11113903822","sourceUpdated":"2026-08-20T23:51:03Z","licence":"ODbL 1.0","warning":"Community-maintained place data. Verify access, facilities and local restrictions."}},{"type":"Feature","id":"osm:node/11113903823","geometry":{"type":"Point","coordinates":[-1.9390742,50.6440483]},"properties":{"name":"D5","category":"mooring","facility":"buoy","sourceName":"OpenStreetMap","sourceFeatureId":"osm:node/11113903823","sourceUrl":"https://www.openstreetmap.org/node/11113903823","sourceUpdated":"2026-08-20T23:51:03Z","licence":"ODbL 1.0","warning":"Community-maintained place data. Verify access, facilities and local restrictions."}},{"type":"Feature","id":"osm:node/11113903825","geometry":{"type":"Point","coordinates":[-1.9393215,50.6443718]},"properties":{"name":"D6","category":"mooring","facility":"buoy","sourceName":"OpenStreetMap","sourceFeatureId":"osm:node/11113903825","sourceUrl":"https://www.openstreetmap.org/node/11113903825","sourceUpdated":"2026-08-20T23:51:03Z","licence":"ODbL 1.0","warning":"Community-maintained place data. Verify access, facilities and local restrictions."}},{"type":"Feature","id":"osm:node/11113903827","geometry":{"type":"Point","coordinates":[-1.9395689,50.6446953]},"properties":{"name":"D7","category":"mooring","facility":"buoy","sourceName":"OpenStreetMap","sourceFeatureId":"osm:node/11113903827","sourceUrl":"https://www.openstreetmap.org/node/11113903827","sourceUpdated":"2026-08-20T23:51:03Z","licence":"ODbL 1.0","warning":"Community-maintained place data. Verify access, facilities and local restrictions."}},{"type":"Feature","id":"osm:node/11113903819","geometry":{"type":"Point","coordinates":[-1.9383181,50.643882]},"properties":{"name":"E4","category":"mooring","facility":"buoy","sourceName":"OpenStreetMap","sourceFeatureId":"osm:node/11113903819","sourceUrl":"https://www.openstreetmap.org/node/11113903819","sourceUpdated":"2026-08-20T23:51:03Z","licence":"ODbL 1.0","warning":"Community-maintained place data. Verify access, facilities and local restrictions."}},{"type":"Feature","id":"osm:node/11113903835","geometry":{"type":"Point","coordinates":[-1.9385654,50.6442056]},"properties":{"name":"E5","category":"mooring","facility":"buoy","sourceName":"OpenStreetMap","sourceFeatureId":"osm:node/11113903835","sourceUrl":"https://www.openstreetmap.org/node/11113903835","sourceUpdated":"2026-08-20T23:51:03Z","licence":"ODbL 1.0","warning":"Community-maintained place data. Verify access, facilities and local restrictions."}},{"type":"Feature","id":"osm:node/11113903816","geometry":{"type":"Point","coordinates":[-1.9388128,50.6445291]},"properties":{"name":"E6","category":"mooring","facility":"buoy","sourceName":"OpenStreetMap","sourceFeatureId":"osm:node/11113903816","sourceUrl":"https://www.openstreetmap.org/node/11113903816","sourceUpdated":"2026-08-20T23:51:03Z","licence":"ODbL 1.0","warning":"Community-maintained place data. Verify access, facilities and local restrictions."}},{"type":"Feature","id":"osm:node/11113903818","geometry":{"type":"Point","coordinates":[-1.9390601,50.6448526]},"properties":{"name":"E7","category":"mooring","facility":"buoy","sourceName":"OpenStreetMap","sourceFeatureId":"osm:node/11113903818","sourceUrl":"https://www.openstreetmap.org/node/11113903818","sourceUpdated":"2026-08-20T23:51:03Z","licence":"ODbL 1.0","warning":"Community-maintained place data. Verify access, facilities and local restrictions."}},{"type":"Feature","id":"osm:node/11113903826","geometry":{"type":"Point","coordinates":[-1.9367916,50.6437069]},"properties":{"name":"F3","category":"mooring","facility":"buoy","sourceName":"OpenStreetMap","sourceFeatureId":"osm:node/11113903826","sourceUrl":"https://www.openstreetmap.org/node/11113903826","sourceUpdated":"2026-08-20T23:51:03Z","licence":"ODbL 1.0","warning":"Community-maintained place data. Verify access, facilities and local restrictions."}},{"type":"Feature","id":"osm:node/11116462407","geometry":{"type":"Point","coordinates":[-1.9370896,50.6441165]},"properties":{"name":"F4","category":"mooring","facility":"buoy","sourceName":"OpenStreetMap","sourceFeatureId":"osm:node/11116462407","sourceUrl":"https://www.openstreetmap.org/node/11116462407","sourceUpdated":"2026-08-20T23:51:03Z","licence":"ODbL 1.0","warning":"Community-maintained place data. Verify access, facilities and local restrictions."}},{"type":"Feature","id":"osm:node/11113903834","geometry":{"type":"Point","coordinates":[-1.9361586,50.6439074]},"properties":{"name":"G3","category":"mooring","facility":"buoy","sourceName":"OpenStreetMap","sourceFeatureId":"osm:node/11113903834","sourceUrl":"https://www.openstreetmap.org/node/11113903834","sourceUpdated":"2026-08-20T23:51:03Z","licence":"ODbL 1.0","warning":"Community-maintained place data. Verify access, facilities and local restrictions."}},{"type":"Feature","id":"osm:node/11113903817","geometry":{"type":"Point","coordinates":[-1.9364737,50.6443098]},"properties":{"name":"G4","category":"mooring","facility":"buoy","sourceName":"OpenStreetMap","sourceFeatureId":"osm:node/11113903817","sourceUrl":"https://www.openstreetmap.org/node/11113903817","sourceUpdated":"2026-08-20T23:51:03Z","licence":"ODbL 1.0","warning":"Community-maintained place data. Verify access, facilities and local restrictions."}},{"type":"Feature","id":"osm:node/11113903821","geometry":{"type":"Point","coordinates":[-1.9352103,50.6437052]},"properties":{"name":"H2","category":"mooring","facility":"buoy","sourceName":"OpenStreetMap","sourceFeatureId":"osm:node/11113903821","sourceUrl":"https://www.openstreetmap.org/node/11113903821","sourceUpdated":"2026-08-20T23:51:03Z","licence":"ODbL 1.0","warning":"Community-maintained place data. Verify access, facilities and local restrictions."}},{"type":"Feature","id":"osm:node/11113903824","geometry":{"type":"Point","coordinates":[-1.9355255,50.6441078]},"properties":{"name":"H3","category":"mooring","facility":"buoy","sourceName":"OpenStreetMap","sourceFeatureId":"osm:node/11113903824","sourceUrl":"https://www.openstreetmap.org/node/11113903824","sourceUpdated":"2026-08-20T23:51:03Z","licence":"ODbL 1.0","warning":"Community-maintained place data. Verify access, facilities and local restrictions."}},{"type":"Feature","id":"osm:node/11113903830","geometry":{"type":"Point","coordinates":[-1.9358408,50.6445103]},"properties":{"name":"H4","category":"mooring","facility":"buoy","sourceName":"OpenStreetMap","sourceFeatureId":"osm:node/11113903830","sourceUrl":"https://www.openstreetmap.org/node/11113903830","sourceUpdated":"2026-08-20T23:51:03Z","licence":"ODbL 1.0","warning":"Community-maintained place data. Verify access, facilities and local restrictions."}},{"type":"Feature","id":"osm:node/11113903831","geometry":{"type":"Point","coordinates":[-1.9345773,50.6439057]},"properties":{"name":"J2","category":"mooring","facility":"buoy","sourceName":"OpenStreetMap","sourceFeatureId":"osm:node/11113903831","sourceUrl":"https://www.openstreetmap.org/node/11113903831","sourceUpdated":"2026-08-20T23:51:03Z","licence":"ODbL 1.0","warning":"Community-maintained place data. Verify access, facilities and local restrictions."}},{"type":"Feature","id":"osm:node/11113903829","geometry":{"type":"Point","coordinates":[-1.9348925,50.6443082]},"properties":{"name":"J3","category":"mooring","facility":"buoy","sourceName":"OpenStreetMap","sourceFeatureId":"osm:node/11113903829","sourceUrl":"https://www.openstreetmap.org/node/11113903829","sourceUpdated":"2026-08-20T23:51:03Z","licence":"ODbL 1.0","warning":"Community-maintained place data. Verify access, facilities and local restrictions."}},{"type":"Feature","id":"osm:node/11113903836","geometry":{"type":"Point","coordinates":[-1.9352078,50.6447107]},"properties":{"name":"J4","category":"mooring","facility":"buoy","sourceName":"OpenStreetMap","sourceFeatureId":"osm:node/11113903836","sourceUrl":"https://www.openstreetmap.org/node/11113903836","sourceUpdated":"2026-08-20T23:51:03Z","licence":"ODbL 1.0","warning":"Community-maintained place data. Verify access, facilities and local restrictions."}},{"type":"Feature","id":"osm:node/11115911866","geometry":{"type":"Point","coordinates":[-1.93475,50.6454833]},"properties":{"name":"J6","category":"mooring","facility":"buoy","sourceName":"OpenStreetMap","sourceFeatureId":"osm:node/11115911866","sourceUrl":"https://www.openstreetmap.org/node/11115911866","sourceUpdated":"2026-08-20T23:51:03Z","licence":"ODbL 1.0","warning":"Community-maintained place data. Verify access, facilities and local restrictions."}},{"type":"Feature","id":"osm:node/11115911864","geometry":{"type":"Point","coordinates":[-1.9331,50.6439667]},"properties":{"name":"K1","category":"mooring","facility":"buoy","sourceName":"OpenStreetMap","sourceFeatureId":"osm:node/11115911864","sourceUrl":"https://www.openstreetmap.org/node/11115911864","sourceUpdated":"2026-08-20T23:51:03Z","licence":"ODbL 1.0","warning":"Community-maintained place data. Verify access, facilities and local restrictions."}},{"type":"Feature","id":"osm:node/11115911859","geometry":{"type":"Point","coordinates":[-1.936,50.6467]},"properties":{"name":"K10","category":"mooring","facility":"buoy","sourceName":"OpenStreetMap","sourceFeatureId":"osm:node/11115911859","sourceUrl":"https://www.openstreetmap.org/node/11115911859","sourceUpdated":"2026-08-20T23:51:03Z","licence":"ODbL 1.0","warning":"Community-maintained place data. Verify access, facilities and local restrictions."}},{"type":"Feature","id":"osm:node/11115911862","geometry":{"type":"Point","coordinates":[-1.9334333,50.6442667]},"properties":{"name":"K2","category":"mooring","facility":"buoy","sourceName":"OpenStreetMap","sourceFeatureId":"osm:node/11115911862","sourceUrl":"https://www.openstreetmap.org/node/11115911862","sourceUpdated":"2026-08-20T23:51:03Z","licence":"ODbL 1.0","warning":"Community-maintained place data. Verify access, facilities and local restrictions."}},{"type":"Feature","id":"osm:node/11115911860","geometry":{"type":"Point","coordinates":[-1.9337667,50.6445833]},"properties":{"name":"K3","category":"mooring","facility":"buoy","sourceName":"OpenStreetMap","sourceFeatureId":"osm:node/11115911860","sourceUrl":"https://www.openstreetmap.org/node/11115911860","sourceUpdated":"2026-08-20T23:51:03Z","licence":"ODbL 1.0","warning":"Community-maintained place data. Verify access, facilities and local restrictions."}},{"type":"Feature","id":"osm:node/11115911858","geometry":{"type":"Point","coordinates":[-1.9341,50.6448833]},"properties":{"name":"K4","category":"mooring","facility":"buoy","sourceName":"OpenStreetMap","sourceFeatureId":"osm:node/11115911858","sourceUrl":"https://www.openstreetmap.org/node/11115911858","sourceUpdated":"2026-08-20T23:51:03Z","licence":"ODbL 1.0","warning":"Community-maintained place data. Verify access, facilities and local restrictions."}},{"type":"Feature","id":"osm:node/11115911867","geometry":{"type":"Point","coordinates":[-1.9344333,50.6451833]},"properties":{"name":"K4","category":"mooring","facility":"buoy","sourceName":"OpenStreetMap","sourceFeatureId":"osm:node/11115911867","sourceUrl":"https://www.openstreetmap.org/node/11115911867","sourceUpdated":"2026-08-20T23:51:03Z","licence":"ODbL 1.0","warning":"Community-maintained place data. Verify access, facilities and local restrictions."}},{"type":"Feature","id":"osm:node/11115911865","geometry":{"type":"Point","coordinates":[-1.9350833,50.6457833]},"properties":{"name":"K7","category":"mooring","facility":"buoy","sourceName":"OpenStreetMap","sourceFeatureId":"osm:node/11115911865","sourceUrl":"https://www.openstreetmap.org/node/11115911865","sourceUpdated":"2026-08-20T23:51:03Z","licence":"ODbL 1.0","warning":"Community-maintained place data. Verify access, facilities and local restrictions."}},{"type":"Feature","id":"osm:node/11115911861","geometry":{"type":"Point","coordinates":[-1.93575,50.6464]},"properties":{"name":"K9","category":"mooring","facility":"buoy","sourceName":"OpenStreetMap","sourceFeatureId":"osm:node/11115911861","sourceUrl":"https://www.openstreetmap.org/node/11115911861","sourceUpdated":"2026-08-20T23:51:03Z","licence":"ODbL 1.0","warning":"Community-maintained place data. Verify access, facilities and local restrictions."}},{"type":"Feature","id":"osm:node/10001918122","geometry":{"type":"Point","coordinates":[-1.1111969,50.7985942]},"properties":{"name":"Mooring area","category":"mooring","facility":"mooring","sourceName":"OpenStreetMap","sourceFeatureId":"osm:node/10001918122","sourceUrl":"https://www.openstreetmap.org/node/10001918122","sourceUpdated":"2026-08-20T23:51:03Z","licence":"ODbL 1.0","warning":"Community-maintained place data. Verify access, facilities and local restrictions."}},{"type":"Feature","id":"osm:node/10001918123","geometry":{"type":"Point","coordinates":[-1.1112164,50.7986765]},"properties":{"name":"Mooring area","category":"mooring","facility":"mooring","sourceName":"OpenStreetMap","sourceFeatureId":"osm:node/10001918123","sourceUrl":"https://www.openstreetmap.org/node/10001918123","sourceUpdated":"2026-08-20T23:51:03Z","licence":"ODbL 1.0","warning":"Community-maintained place data. Verify access, facilities and local restrictions."}},{"type":"Feature","id":"osm:node/10001918124","geometry":{"type":"Point","coordinates":[-1.1110974,50.7986049]},"properties":{"name":"Mooring area","category":"mooring","facility":"mooring","sourceName":"OpenStreetMap","sourceFeatureId":"osm:node/10001918124","sourceUrl":"https://www.openstreetmap.org/node/10001918124","sourceUpdated":"2026-08-20T23:51:03Z","licence":"ODbL 1.0","warning":"Community-maintained place data. Verify access, facilities and local restrictions."}},{"type":"Feature","id":"osm:node/10001918125","geometry":{"type":"Point","coordinates":[-1.1109602,50.7986591]},"properties":{"name":"Mooring area","category":"mooring","facility":"mooring","sourceName":"OpenStreetMap","sourceFeatureId":"osm:node/10001918125","sourceUrl":"https://www.openstreetmap.org/node/10001918125","sourceUpdated":"2026-08-20T23:51:03Z","licence":"ODbL 1.0","warning":"Community-maintained place data. Verify access, facilities and local restrictions."}},{"type":"Feature","id":"osm:node/10001918126","geometry":{"type":"Point","coordinates":[-1.1112473,50.7987989]},"properties":{"name":"Mooring area","category":"mooring","facility":"mooring","sourceName":"OpenStreetMap","sourceFeatureId":"osm:node/10001918126","sourceUrl":"https://www.openstreetmap.org/node/10001918126","sourceUpdated":"2026-08-20T23:51:03Z","licence":"ODbL 1.0","warning":"Community-maintained place data. Verify access, facilities and local restrictions."}},{"type":"Feature","id":"osm:node/10001918127","geometry":{"type":"Point","coordinates":[-1.1112748,50.7989201]},"properties":{"name":"Mooring area","category":"mooring","facility":"mooring","sourceName":"OpenStreetMap","sourceFeatureId":"osm:node/10001918127","sourceUrl":"https://www.openstreetmap.org/node/10001918127","sourceUpdated":"2026-08-20T23:51:03Z","licence":"ODbL 1.0","warning":"Community-maintained place data. Verify access, facilities and local restrictions."}},{"type":"Feature","id":"osm:node/10001918128","geometry":{"type":"Point","coordinates":[-1.1113003,50.799043]},"properties":{"name":"Mooring area","category":"mooring","facility":"mooring","sourceName":"OpenStreetMap","sourceFeatureId":"osm:node/10001918128","sourceUrl":"https://www.openstreetmap.org/node/10001918128","sourceUpdated":"2026-08-20T23:51:03Z","licence":"ODbL 1.0","warning":"Community-maintained place data. Verify access, facilities and local restrictions."}},{"type":"Feature","id":"osm:node/10001918129","geometry":{"type":"Point","coordinates":[-1.1113584,50.7992867]},"properties":{"name":"Mooring area","category":"mooring","facility":"mooring","sourceName":"OpenStreetMap","sourceFeatureId":"osm:node/10001918129","sourceUrl":"https://www.openstreetmap.org/node/10001918129","sourceUpdated":"2026-08-20T23:51:03Z","licence":"ODbL 1.0","warning":"Community-maintained place data. Verify access, facilities and local restrictions."}},{"type":"Feature","id":"osm:node/10001918130","geometry":{"type":"Point","coordinates":[-1.1113899,50.7994069]},"properties":{"name":"Mooring area","category":"mooring","facility":"mooring","sourceName":"OpenStreetMap","sourceFeatureId":"osm:node/10001918130","sourceUrl":"https://www.openstreetmap.org/node/10001918130","sourceUpdated":"2026-08-20T23:51:03Z","licence":"ODbL 1.0","warning":"Community-maintained place data. Verify access, facilities and local restrictions."}},{"type":"Feature","id":"osm:node/10001918131","geometry":{"type":"Point","coordinates":[-1.1114163,50.7995302]},"properties":{"name":"Mooring area","category":"mooring","facility":"mooring","sourceName":"OpenStreetMap","sourceFeatureId":"osm:node/10001918131","sourceUrl":"https://www.openstreetmap.org/node/10001918131","sourceUpdated":"2026-08-20T23:51:03Z","licence":"ODbL 1.0","warning":"Community-maintained place data. Verify access, facilities and local restrictions."}},{"type":"Feature","id":"osm:node/10001918132","geometry":{"type":"Point","coordinates":[-1.1114732,50.7997749]},"properties":{"name":"Mooring area","category":"mooring","facility":"mooring","sourceName":"OpenStreetMap","sourceFeatureId":"osm:node/10001918132","sourceUrl":"https://www.openstreetmap.org/node/10001918132","sourceUpdated":"2026-08-20T23:51:03Z","licence":"ODbL 1.0","warning":"Community-maintained place data. Verify access, facilities and local restrictions."}},{"type":"Feature","id":"osm:node/10001918133","geometry":{"type":"Point","coordinates":[-1.1115027,50.7998976]},"properties":{"name":"Mooring area","category":"mooring","facility":"mooring","sourceName":"OpenStreetMap","sourceFeatureId":"osm:node/10001918133","sourceUrl":"https://www.openstreetmap.org/node/10001918133","sourceUpdated":"2026-08-20T23:51:03Z","licence":"ODbL 1.0","warning":"Community-maintained place data. Verify access, facilities and local restrictions."}},{"type":"Feature","id":"osm:node/10001918134","geometry":{"type":"Point","coordinates":[-1.1115291,50.8000178]},"properties":{"name":"Mooring area","category":"mooring","facility":"mooring","sourceName":"OpenStreetMap","sourceFeatureId":"osm:node/10001918134","sourceUrl":"https://www.openstreetmap.org/node/10001918134","sourceUpdated":"2026-08-20T23:51:03Z","licence":"ODbL 1.0","warning":"Community-maintained place data. Verify access, facilities and local restrictions."}},{"type":"Feature","id":"osm:node/10001918135","geometry":{"type":"Point","coordinates":[-1.1115566,50.8001404]},"properties":{"name":"Mooring area","category":"mooring","facility":"mooring","sourceName":"OpenStreetMap","sourceFeatureId":"osm:node/10001918135","sourceUrl":"https://www.openstreetmap.org/node/10001918135","sourceUpdated":"2026-08-20T23:51:03Z","licence":"ODbL 1.0","warning":"Community-maintained place data. Verify access, facilities and local restrictions."}},{"type":"Feature","id":"osm:node/10001918136","geometry":{"type":"Point","coordinates":[-1.1115922,50.8005175]},"properties":{"name":"Mooring area","category":"mooring","facility":"mooring","sourceName":"OpenStreetMap","sourceFeatureId":"osm:node/10001918136","sourceUrl":"https://www.openstreetmap.org/node/10001918136","sourceUpdated":"2026-08-20T23:51:03Z","licence":"ODbL 1.0","warning":"Community-maintained place data. Verify access, facilities and local restrictions."}},{"type":"Feature","id":"osm:node/10001918137","geometry":{"type":"Point","coordinates":[-1.1116348,50.8004687]},"properties":{"name":"Mooring area","category":"mooring","facility":"mooring","sourceName":"OpenStreetMap","sourceFeatureId":"osm:node/10001918137","sourceUrl":"https://www.openstreetmap.org/node/10001918137","sourceUpdated":"2026-08-20T23:51:03Z","licence":"ODbL 1.0","warning":"Community-maintained place data. Verify access, facilities and local restrictions."}},{"type":"Feature","id":"osm:node/10001918140","geometry":{"type":"Point","coordinates":[-1.1116142,50.8003854]},"properties":{"name":"Mooring area","category":"mooring","facility":"mooring","sourceName":"OpenStreetMap","sourceFeatureId":"osm:node/10001918140","sourceUrl":"https://www.openstreetmap.org/node/10001918140","sourceUpdated":"2026-08-20T23:51:03Z","licence":"ODbL 1.0","warning":"Community-maintained place data. Verify access, facilities and local restrictions."}},{"type":"Feature","id":"osm:node/10001918141","geometry":{"type":"Point","coordinates":[-1.1115853,50.8002625]},"properties":{"name":"Mooring area","category":"mooring","facility":"mooring","sourceName":"OpenStreetMap","sourceFeatureId":"osm:node/10001918141","sourceUrl":"https://www.openstreetmap.org/node/10001918141","sourceUpdated":"2026-08-20T23:51:03Z","licence":"ODbL 1.0","warning":"Community-maintained place data. Verify access, facilities and local restrictions."}},{"type":"Feature","id":"osm:node/5159938640","geometry":{"type":"Point","coordinates":[-1.4002472,50.7235113]},"properties":{"name":"Visitors","category":"mooring","facility":"buoy","sourceName":"OpenStreetMap","sourceFeatureId":"osm:node/5159938640","sourceUrl":"https://www.openstreetmap.org/node/5159938640","sourceUpdated":"2026-08-20T23:51:03Z","licence":"ODbL 1.0","warning":"Community-maintained place data. Verify access, facilities and local restrictions."}},{"type":"Feature","id":"osm:node/5159938641","geometry":{"type":"Point","coordinates":[-1.4011109,50.7240003]},"properties":{"name":"Visitors","category":"mooring","facility":"buoy","sourceName":"OpenStreetMap","sourceFeatureId":"osm:node/5159938641","sourceUrl":"https://www.openstreetmap.org/node/5159938641","sourceUpdated":"2026-08-20T23:51:03Z","licence":"ODbL 1.0","warning":"Community-maintained place data. Verify access, facilities and local restrictions."}},{"type":"Feature","id":"osm:node/5159938642","geometry":{"type":"Point","coordinates":[-1.404351,50.724941]},"properties":{"name":"Visitors","category":"mooring","facility":"buoy","sourceName":"OpenStreetMap","sourceFeatureId":"osm:node/5159938642","sourceUrl":"https://www.openstreetmap.org/node/5159938642","sourceUpdated":"2026-08-20T23:51:03Z","licence":"ODbL 1.0","warning":"Community-maintained place data. Verify access, facilities and local restrictions."}},{"type":"Feature","id":"osm:node/5159938643","geometry":{"type":"Point","coordinates":[-1.4055741,50.7247101]},"properties":{"name":"Visitors","category":"mooring","facility":"buoy","sourceName":"OpenStreetMap","sourceFeatureId":"osm:node/5159938643","sourceUrl":"https://www.openstreetmap.org/node/5159938643","sourceUpdated":"2026-08-20T23:51:03Z","licence":"ODbL 1.0","warning":"Community-maintained place data. Verify access, facilities and local restrictions."}},{"type":"Feature","id":"osm:node/5159938644","geometry":{"type":"Point","coordinates":[-1.410327,50.7207774]},"properties":{"name":"Visitors","category":"mooring","facility":"buoy","sourceName":"OpenStreetMap","sourceFeatureId":"osm:node/5159938644","sourceUrl":"https://www.openstreetmap.org/node/5159938644","sourceUpdated":"2026-08-20T23:51:03Z","licence":"ODbL 1.0","warning":"Community-maintained place data. Verify access, facilities and local restrictions."}},{"type":"Feature","id":"osm:node/5159938645","geometry":{"type":"Point","coordinates":[-1.4101875,50.7210356]},"properties":{"name":"Visitors","category":"mooring","facility":"buoy","sourceName":"OpenStreetMap","sourceFeatureId":"osm:node/5159938645","sourceUrl":"https://www.openstreetmap.org/node/5159938645","sourceUpdated":"2026-08-20T23:51:03Z","licence":"ODbL 1.0","warning":"Community-maintained place data. Verify access, facilities and local restrictions."}},{"type":"Feature","id":"osm:node/5159938646","geometry":{"type":"Point","coordinates":[-1.4104396,50.7205601]},"properties":{"name":"Visitors","category":"mooring","facility":"buoy","sourceName":"OpenStreetMap","sourceFeatureId":"osm:node/5159938646","sourceUrl":"https://www.openstreetmap.org/node/5159938646","sourceUpdated":"2026-08-20T23:51:03Z","licence":"ODbL 1.0","warning":"Community-maintained place data. Verify access, facilities and local restrictions."}},{"type":"Feature","id":"osm:node/5159938647","geometry":{"type":"Point","coordinates":[-1.4099515,50.7212699]},"properties":{"name":"Visitors","category":"mooring","facility":"buoy","sourceName":"OpenStreetMap","sourceFeatureId":"osm:node/5159938647","sourceUrl":"https://www.openstreetmap.org/node/5159938647","sourceUpdated":"2026-08-20T23:51:03Z","licence":"ODbL 1.0","warning":"Community-maintained place data. Verify access, facilities and local restrictions."}},{"type":"Feature","id":"osm:node/5159938648","geometry":{"type":"Point","coordinates":[-1.4097047,50.721528]},"properties":{"name":"Visitors","category":"mooring","facility":"buoy","sourceName":"OpenStreetMap","sourceFeatureId":"osm:node/5159938648","sourceUrl":"https://www.openstreetmap.org/node/5159938648","sourceUpdated":"2026-08-20T23:51:03Z","licence":"ODbL 1.0","warning":"Community-maintained place data. Verify access, facilities and local restrictions."}},{"type":"Feature","id":"osm:node/5159938649","geometry":{"type":"Point","coordinates":[-1.4096242,50.7217589]},"properties":{"name":"Visitors","category":"mooring","facility":"buoy","sourceName":"OpenStreetMap","sourceFeatureId":"osm:node/5159938649","sourceUrl":"https://www.openstreetmap.org/node/5159938649","sourceUpdated":"2026-08-20T23:51:03Z","licence":"ODbL 1.0","warning":"Community-maintained place data. Verify access, facilities and local restrictions."}},{"type":"Feature","id":"osm:node/1490884086","geometry":{"type":"Point","coordinates":[-1.5289084,50.756842]},"properties":{"name":"Yarmouth Car Ferry","category":"mooring","facility":"yes","operator":"Wightlink","sourceName":"OpenStreetMap","sourceFeatureId":"osm:node/1490884086","sourceUrl":"https://www.openstreetmap.org/node/1490884086","sourceUpdated":"2026-08-20T23:51:03Z","licence":"ODbL 1.0","warning":"Community-maintained place data. Verify access, facilities and local restrictions."}},{"type":"Feature","id":"osm:node/4427779091","geometry":{"type":"Point","coordinates":[-1.0937081,50.6922858]},"properties":{"name":"AA Coombes","category":"service","facility":"boatyard","sourceName":"OpenStreetMap","sourceFeatureId":"osm:node/4427779091","sourceUrl":"https://www.openstreetmap.org/node/4427779091","sourceUpdated":"2026-08-20T23:29:45Z","licence":"ODbL 1.0","warning":"Community-maintained place data. Verify access, facilities and local restrictions."}},{"type":"Feature","id":"osm:node/13119357417","geometry":{"type":"Point","coordinates":[-1.3131935,50.8605853]},"properties":{"name":"Ancasta International Boat Sales - Port Hamble","category":"service","facility":"boat supplies","sourceName":"OpenStreetMap","sourceFeatureId":"osm:node/13119357417","sourceUrl":"https://www.openstreetmap.org/node/13119357417","sourceUpdated":"2026-08-20T23:29:45Z","licence":"ODbL 1.0","warning":"Community-maintained place data. Verify access, facilities and local restrictions."}},{"type":"Feature","id":"osm:node/14096461875","geometry":{"type":"Point","coordinates":[-1.7859529,50.83919]},"properties":{"name":"Aquadeck","category":"service","facility":"boat supplies","sourceName":"OpenStreetMap","sourceFeatureId":"osm:node/14096461875","sourceUrl":"https://www.openstreetmap.org/node/14096461875","sourceUpdated":"2026-08-20T23:29:45Z","licence":"ODbL 1.0","warning":"Community-maintained place data. Verify access, facilities and local restrictions."}},{"type":"Feature","id":"osm:node/11455477504","geometry":{"type":"Point","coordinates":[-1.3927193,50.8956733]},"properties":{"name":"Argo Yachting","category":"service","facility":"boat supplies","sourceName":"OpenStreetMap","sourceFeatureId":"osm:node/11455477504","sourceUrl":"https://www.openstreetmap.org/node/11455477504","sourceUpdated":"2026-08-20T23:29:45Z","licence":"ODbL 1.0","warning":"Community-maintained place data. Verify access, facilities and local restrictions."}},{"type":"Feature","id":"osm:node/7401108046","geometry":{"type":"Point","coordinates":[-1.2914988,50.8895516]},"properties":{"name":"BBMS (Swanwick) Ltd.","category":"service","facility":"boat supplies","sourceName":"OpenStreetMap","sourceFeatureId":"osm:node/7401108046","sourceUrl":"https://www.openstreetmap.org/node/7401108046","sourceUpdated":"2026-08-20T23:29:45Z","licence":"ODbL 1.0","warning":"Community-maintained place data. Verify access, facilities and local restrictions."}},{"type":"Feature","id":"osm:node/3703498528","geometry":{"type":"Point","coordinates":[-1.3947429,50.7771778]},"properties":{"name":"Beaulieu River Sailing Club","category":"service","facility":"boatyard","sourceName":"OpenStreetMap","sourceFeatureId":"osm:node/3703498528","sourceUrl":"https://www.openstreetmap.org/node/3703498528","sourceUpdated":"2026-08-20T23:29:45Z","licence":"ODbL 1.0","warning":"Community-maintained place data. Verify access, facilities and local restrictions."}},{"type":"Feature","id":"osm:way/112026400","geometry":{"type":"Point","coordinates":[-1.0705963,50.6901253]},"properties":{"name":"Bembridge Lifeboat Station","category":"service","facility":"rescue station","operator":"Royal National Lifeboat Institution","sourceName":"OpenStreetMap","sourceFeatureId":"osm:way/112026400","sourceUrl":"https://www.openstreetmap.org/way/112026400","sourceUpdated":"2026-08-20T23:30:50Z","licence":"ODbL 1.0","warning":"Community-maintained place data. Verify access, facilities and local restrictions."}},{"type":"Feature","id":"osm:way/162073210","geometry":{"type":"Point","coordinates":[-1.5331173,50.7567704]},"properties":{"name":"Berthon","category":"service","facility":"boatyard","operator":"Berthon","sourceName":"OpenStreetMap","sourceFeatureId":"osm:way/162073210","sourceUrl":"https://www.openstreetmap.org/way/162073210","sourceUpdated":"2026-08-20T23:30:50Z","licence":"ODbL 1.0","warning":"Community-maintained place data. Verify access, facilities and local restrictions."}},{"type":"Feature","id":"osm:node/6517816082","geometry":{"type":"Point","coordinates":[-1.5305626,50.7577636]},"properties":{"name":"Berthon refueller","category":"service","facility":"fuel station","sourceName":"OpenStreetMap","sourceFeatureId":"osm:node/6517816082","sourceUrl":"https://www.openstreetmap.org/node/6517816082","sourceUpdated":"2026-08-20T23:29:45Z","licence":"ODbL 1.0","warning":"Community-maintained place data. Verify access, facilities and local restrictions."}},{"type":"Feature","id":"osm:way/1453922227","geometry":{"type":"Point","coordinates":[-1.949527,50.7113165]},"properties":{"name":"Blue Lagoon Marine","category":"service","facility":"boatyard","sourceName":"OpenStreetMap","sourceFeatureId":"osm:way/1453922227","sourceUrl":"https://www.openstreetmap.org/way/1453922227","sourceUpdated":"2026-08-20T23:30:50Z","licence":"ODbL 1.0","warning":"Community-maintained place data. Verify access, facilities and local restrictions."}},{"type":"Feature","id":"osm:way/396610844","geometry":{"type":"Point","coordinates":[-0.9091503,50.81797]},"properties":{"name":"Boat Yard","category":"service","facility":"boatyard","sourceName":"OpenStreetMap","sourceFeatureId":"osm:way/396610844","sourceUrl":"https://www.openstreetmap.org/way/396610844","sourceUpdated":"2026-08-20T23:30:50Z","licence":"ODbL 1.0","warning":"Community-maintained place data. Verify access, facilities and local restrictions."}},{"type":"Feature","id":"osm:node/4907088351","geometry":{"type":"Point","coordinates":[-1.1248542,50.8021697]},"properties":{"name":"Boatshed","category":"service","facility":"boat supplies","sourceName":"OpenStreetMap","sourceFeatureId":"osm:node/4907088351","sourceUrl":"https://www.openstreetmap.org/node/4907088351","sourceUpdated":"2026-08-20T23:29:45Z","licence":"ODbL 1.0","warning":"Community-maintained place data. Verify access, facilities and local restrictions."}},{"type":"Feature","id":"osm:node/10933500782","geometry":{"type":"Point","coordinates":[-0.869118,50.8069133]},"properties":{"name":"Boatyard","category":"service","facility":"boatyard","sourceName":"OpenStreetMap","sourceFeatureId":"osm:node/10933500782","sourceUrl":"https://www.openstreetmap.org/node/10933500782","sourceUpdated":"2026-08-20T23:29:45Z","licence":"ODbL 1.0","warning":"Community-maintained place data. Verify access, facilities and local restrictions."}},{"type":"Feature","id":"osm:way/108167185","geometry":{"type":"Point","coordinates":[-1.3083463,50.8202292]},"properties":{"name":"Calshot Lifeboat Station","category":"service","facility":"rescue station","operator":"Royal National Lifeboat Institution","sourceName":"OpenStreetMap","sourceFeatureId":"osm:way/108167185","sourceUrl":"https://www.openstreetmap.org/way/108167185","sourceUpdated":"2026-08-20T23:30:50Z","licence":"ODbL 1.0","warning":"Community-maintained place data. Verify access, facilities and local restrictions."}},{"type":"Feature","id":"osm:node/29919811","geometry":{"type":"Point","coordinates":[-1.7741489,50.7305703]},"properties":{"name":"Christchurch Sailing Club","category":"service","facility":"boatyard","sourceName":"OpenStreetMap","sourceFeatureId":"osm:node/29919811","sourceUrl":"https://www.openstreetmap.org/node/29919811","sourceUpdated":"2026-08-20T23:29:45Z","licence":"ODbL 1.0","warning":"Community-maintained place data. Verify access, facilities and local restrictions."}},{"type":"Feature","id":"osm:way/425172735","geometry":{"type":"Point","coordinates":[-1.2982865,50.7647069]},"properties":{"name":"Cowes Lifeboat Station","category":"service","facility":"rescue station","operator":"Royal National Lifeboat Institution","sourceName":"OpenStreetMap","sourceFeatureId":"osm:way/425172735","sourceUrl":"https://www.openstreetmap.org/way/425172735","sourceUpdated":"2026-08-20T23:30:50Z","licence":"ODbL 1.0","warning":"Community-maintained place data. Verify access, facilities and local restrictions."}},{"type":"Feature","id":"osm:way/974772199","geometry":{"type":"Point","coordinates":[-0.8135233,50.8211835]},"properties":{"name":"Dell Quay Marine","category":"service","facility":"boatyard","sourceName":"OpenStreetMap","sourceFeatureId":"osm:way/974772199","sourceUrl":"https://www.openstreetmap.org/way/974772199","sourceUpdated":"2026-08-20T23:30:50Z","licence":"ODbL 1.0","warning":"Community-maintained place data. Verify access, facilities and local restrictions."}},{"type":"Feature","id":"osm:relation/3519613","geometry":{"type":"Point","coordinates":[-1.385407,50.9134523]},"properties":{"name":"Drivers Dry Berthing","category":"service","facility":"boatyard","sourceName":"OpenStreetMap","sourceFeatureId":"osm:relation/3519613","sourceUrl":"https://www.openstreetmap.org/relation/3519613","sourceUpdated":"2026-08-20T23:30:50Z","licence":"ODbL 1.0","warning":"Community-maintained place data. Verify access, facilities and local restrictions."}},{"type":"Feature","id":"osm:relation/3533172","geometry":{"type":"Point","coordinates":[-1.2914548,50.8892559]},"properties":{"name":"Eastlands Boartyard","category":"service","facility":"boatyard","sourceName":"OpenStreetMap","sourceFeatureId":"osm:relation/3533172","sourceUrl":"https://www.openstreetmap.org/relation/3533172","sourceUpdated":"2026-08-20T23:30:50Z","licence":"ODbL 1.0","warning":"Community-maintained place data. Verify access, facilities and local restrictions."}},{"type":"Feature","id":"osm:node/4438376611","geometry":{"type":"Point","coordinates":[-1.3051325,50.8828772]},"properties":{"name":"Elephant Boatyard","category":"service","facility":"boatyard","sourceName":"OpenStreetMap","sourceFeatureId":"osm:node/4438376611","sourceUrl":"https://www.openstreetmap.org/node/4438376611","sourceUpdated":"2026-08-20T23:29:45Z","licence":"ODbL 1.0","warning":"Community-maintained place data. Verify access, facilities and local restrictions."}},{"type":"Feature","id":"osm:way/437517589","geometry":{"type":"Point","coordinates":[-0.9400458,50.8421044]},"properties":{"name":"Emsworth Sailing Club","category":"service","facility":"boatyard","operator":"Emsworth Sailing Club","sourceName":"OpenStreetMap","sourceFeatureId":"osm:way/437517589","sourceUrl":"https://www.openstreetmap.org/way/437517589","sourceUpdated":"2026-08-20T23:30:50Z","licence":"ODbL 1.0","warning":"Community-maintained place data. Verify access, facilities and local restrictions."}},{"type":"Feature","id":"osm:way/373295564","geometry":{"type":"Point","coordinates":[-1.5015737,50.7056571]},"properties":{"name":"Eric and Susan Hiscock (Wanderer)","category":"service","facility":"rescue station","operator":"Royal National Lifeboat Institution","sourceName":"OpenStreetMap","sourceFeatureId":"osm:way/373295564","sourceUrl":"https://www.openstreetmap.org/way/373295564","sourceUpdated":"2026-08-20T23:30:50Z","licence":"ODbL 1.0","warning":"Community-maintained place data. Verify access, facilities and local restrictions."}},{"type":"Feature","id":"osm:way/245171221","geometry":{"type":"Point","coordinates":[-1.5101941,50.6702856]},"properties":{"name":"Freshwater Independent Lifeboat","category":"service","facility":"rescue station","operator":"Freshwater Independent Lifeboat Service","sourceName":"OpenStreetMap","sourceFeatureId":"osm:way/245171221","sourceUrl":"https://www.openstreetmap.org/way/245171221","sourceUpdated":"2026-08-20T23:30:50Z","licence":"ODbL 1.0","warning":"Community-maintained place data. Verify access, facilities and local restrictions."}},{"type":"Feature","id":"osm:way/1409286037","geometry":{"type":"Point","coordinates":[-1.0249762,50.7962809]},"properties":{"name":"fuel station","category":"service","facility":"fuel station","operator":"Langstone Harbour Master","sourceName":"OpenStreetMap","sourceFeatureId":"osm:way/1409286037","sourceUrl":"https://www.openstreetmap.org/way/1409286037","sourceUpdated":"2026-08-20T23:30:50Z","licence":"ODbL 1.0","warning":"Community-maintained place data. Verify access, facilities and local restrictions."}},{"type":"Feature","id":"osm:way/472383943","geometry":{"type":"Point","coordinates":[-0.9367088,50.7816633]},"properties":{"name":"Hayling Island Lifeboat Station","category":"service","facility":"rescue station","operator":"Royal National Lifeboat Institution","sourceName":"OpenStreetMap","sourceFeatureId":"osm:way/472383943","sourceUrl":"https://www.openstreetmap.org/way/472383943","sourceUpdated":"2026-08-20T23:30:50Z","licence":"ODbL 1.0","warning":"Community-maintained place data. Verify access, facilities and local restrictions."}},{"type":"Feature","id":"osm:relation/3514374","geometry":{"type":"Point","coordinates":[-1.3889037,50.8645832]},"properties":{"name":"Hythe Sea Scouts","category":"service","facility":"boatyard","sourceName":"OpenStreetMap","sourceFeatureId":"osm:relation/3514374","sourceUrl":"https://www.openstreetmap.org/relation/3514374","sourceUpdated":"2026-08-20T23:30:50Z","licence":"ODbL 1.0","warning":"Community-maintained place data. Verify access, facilities and local restrictions."}},{"type":"Feature","id":"osm:node/4245107765","geometry":{"type":"Point","coordinates":[-1.2876592,50.7467666]},"properties":{"name":"Kingston Marine Services","category":"service","facility":"boatyard","sourceName":"OpenStreetMap","sourceFeatureId":"osm:node/4245107765","sourceUrl":"https://www.openstreetmap.org/node/4245107765","sourceUpdated":"2026-08-20T23:29:45Z","licence":"ODbL 1.0","warning":"Community-maintained place data. Verify access, facilities and local restrictions."}},{"type":"Feature","id":"osm:node/5102960338","geometry":{"type":"Point","coordinates":[-1.2947911,50.759915]},"properties":{"name":"Lallows Boatyard","category":"service","facility":"boatyard","sourceName":"OpenStreetMap","sourceFeatureId":"osm:node/5102960338","sourceUrl":"https://www.openstreetmap.org/node/5102960338","sourceUpdated":"2026-08-20T23:29:45Z","licence":"ODbL 1.0","warning":"Community-maintained place data. Verify access, facilities and local restrictions."}},{"type":"Feature","id":"osm:way/229169991","geometry":{"type":"Point","coordinates":[-1.5291966,50.7538088]},"properties":{"name":"Lymington Lifeboat Station","category":"service","facility":"rescue station","operator":"Royal National Lifeboat Institution","sourceName":"OpenStreetMap","sourceFeatureId":"osm:way/229169991","sourceUrl":"https://www.openstreetmap.org/way/229169991","sourceUpdated":"2026-08-20T23:30:50Z","licence":"ODbL 1.0","warning":"Community-maintained place data. Verify access, facilities and local restrictions."}},{"type":"Feature","id":"osm:way/228184968","geometry":{"type":"Point","coordinates":[-1.5302144,50.7498993]},"properties":{"name":"Lymington Yacht Haven Boat Yard","category":"service","facility":"boatyard","sourceName":"OpenStreetMap","sourceFeatureId":"osm:way/228184968","sourceUrl":"https://www.openstreetmap.org/way/228184968","sourceUpdated":"2026-08-20T23:30:50Z","licence":"ODbL 1.0","warning":"Community-maintained place data. Verify access, facilities and local restrictions."}},{"type":"Feature","id":"osm:way/23134603","geometry":{"type":"Point","coordinates":[-1.4435924,50.9010541]},"properties":{"name":"Marchwood Yacht Club","category":"service","facility":"boatyard","sourceName":"OpenStreetMap","sourceFeatureId":"osm:way/23134603","sourceUrl":"https://www.openstreetmap.org/way/23134603","sourceUpdated":"2026-08-20T23:30:50Z","licence":"ODbL 1.0","warning":"Community-maintained place data. Verify access, facilities and local restrictions."}},{"type":"Feature","id":"osm:node/11887217713","geometry":{"type":"Point","coordinates":[-0.7646139,50.8312484]},"properties":{"name":"MG Duff Intl.","category":"service","facility":"boat supplies","sourceName":"OpenStreetMap","sourceFeatureId":"osm:node/11887217713","sourceUrl":"https://www.openstreetmap.org/node/11887217713","sourceUpdated":"2026-08-20T23:29:45Z","licence":"ODbL 1.0","warning":"Community-maintained place data. Verify access, facilities and local restrictions."}},{"type":"Feature","id":"osm:way/188242121","geometry":{"type":"Point","coordinates":[-1.7422088,50.724306]},"properties":{"name":"Mudeford Lifeboat Station","category":"service","facility":"rescue station","operator":"Royal National Lifeboat Institution","sourceName":"OpenStreetMap","sourceFeatureId":"osm:way/188242121","sourceUrl":"https://www.openstreetmap.org/way/188242121","sourceUpdated":"2026-08-20T23:30:50Z","licence":"ODbL 1.0","warning":"Community-maintained place data. Verify access, facilities and local restrictions."}},{"type":"Feature","id":"osm:way/147046228","geometry":{"type":"Point","coordinates":[-1.0947716,50.8267486]},"properties":{"name":"National Seamanship Training Centre Lion","category":"service","facility":"boatyard","sourceName":"OpenStreetMap","sourceFeatureId":"osm:way/147046228","sourceUrl":"https://www.openstreetmap.org/way/147046228","sourceUpdated":"2026-08-20T23:30:50Z","licence":"ODbL 1.0","warning":"Community-maintained place data. Verify access, facilities and local restrictions."}},{"type":"Feature","id":"osm:way/312127008","geometry":{"type":"Point","coordinates":[-1.2909479,50.7057139]},"properties":{"name":"Newport Boat Yard","category":"service","facility":"boatyard","sourceName":"OpenStreetMap","sourceFeatureId":"osm:way/312127008","sourceUrl":"https://www.openstreetmap.org/way/312127008","sourceUpdated":"2026-08-20T23:30:50Z","licence":"ODbL 1.0","warning":"Community-maintained place data. Verify access, facilities and local restrictions."}},{"type":"Feature","id":"osm:way/474621453","geometry":{"type":"Point","coordinates":[-1.2913638,50.7040169]},"properties":{"name":"Newport Boat Yard","category":"service","facility":"boatyard","sourceName":"OpenStreetMap","sourceFeatureId":"osm:way/474621453","sourceUrl":"https://www.openstreetmap.org/way/474621453","sourceUpdated":"2026-08-20T23:30:50Z","licence":"ODbL 1.0","warning":"Community-maintained place data. Verify access, facilities and local restrictions."}},{"type":"Feature","id":"osm:node/5081006673","geometry":{"type":"Point","coordinates":[-1.4080247,50.7183752]},"properties":{"name":"Newtown Quay","category":"service","facility":"boatyard","sourceName":"OpenStreetMap","sourceFeatureId":"osm:node/5081006673","sourceUrl":"https://www.openstreetmap.org/node/5081006673","sourceUpdated":"2026-08-20T23:29:45Z","licence":"ODbL 1.0","warning":"Community-maintained place data. Verify access, facilities and local restrictions."}},{"type":"Feature","id":"osm:way/591600878","geometry":{"type":"Point","coordinates":[-0.9686596,50.8326496]},"properties":{"name":"Northney Boatyard","category":"service","facility":"boatyard","operator":"MDL Marinas","sourceName":"OpenStreetMap","sourceFeatureId":"osm:way/591600878","sourceUrl":"https://www.openstreetmap.org/way/591600878","sourceUpdated":"2026-08-20T23:30:50Z","licence":"ODbL 1.0","warning":"Community-maintained place data. Verify access, facilities and local restrictions."}},{"type":"Feature","id":"osm:node/10916590838","geometry":{"type":"Point","coordinates":[-0.9183717,50.8361418]},"properties":{"name":"Payne's Boatyard","category":"service","facility":"boatyard","sourceName":"OpenStreetMap","sourceFeatureId":"osm:node/10916590838","sourceUrl":"https://www.openstreetmap.org/node/10916590838","sourceUpdated":"2026-08-20T23:29:45Z","licence":"ODbL 1.0","warning":"Community-maintained place data. Verify access, facilities and local restrictions."}},{"type":"Feature","id":"osm:way/549363775","geometry":{"type":"Point","coordinates":[-1.1135252,50.8387736]},"properties":{"name":"Portchester Sailing Club","category":"service","facility":"boatyard","sourceName":"OpenStreetMap","sourceFeatureId":"osm:way/549363775","sourceUrl":"https://www.openstreetmap.org/way/549363775","sourceUpdated":"2026-08-20T23:30:50Z","licence":"ODbL 1.0","warning":"Community-maintained place data. Verify access, facilities and local restrictions."}},{"type":"Feature","id":"osm:way/139741893","geometry":{"type":"Point","coordinates":[-1.0298075,50.7952263]},"properties":{"name":"Portsmouth Lifeboat Station","category":"service","facility":"rescue station","operator":"Royal National Lifeboat Institution","sourceName":"OpenStreetMap","sourceFeatureId":"osm:way/139741893","sourceUrl":"https://www.openstreetmap.org/way/139741893","sourceUpdated":"2026-08-20T23:30:50Z","licence":"ODbL 1.0","warning":"Community-maintained place data. Verify access, facilities and local restrictions."}},{"type":"Feature","id":"osm:node/12435751848","geometry":{"type":"Point","coordinates":[-1.1167753,50.7971226]},"properties":{"name":"Premier Marinas","category":"service","facility":"fuel station","operator":"Premier Marinas","sourceName":"OpenStreetMap","sourceFeatureId":"osm:node/12435751848","sourceUrl":"https://www.openstreetmap.org/node/12435751848","sourceUpdated":"2026-08-20T23:29:45Z","licence":"ODbL 1.0","warning":"Community-maintained place data. Verify access, facilities and local restrictions."}},{"type":"Feature","id":"osm:node/5308800207","geometry":{"type":"Point","coordinates":[-1.1392828,50.8154311]},"properties":{"name":"Quay Lane Boatyard","category":"service","facility":"boatyard","sourceName":"OpenStreetMap","sourceFeatureId":"osm:node/5308800207","sourceUrl":"https://www.openstreetmap.org/node/5308800207","sourceUpdated":"2026-08-20T23:29:45Z","licence":"ODbL 1.0","warning":"Community-maintained place data. Verify access, facilities and local restrictions."}},{"type":"Feature","id":"osm:way/935741780","geometry":{"type":"Point","coordinates":[-1.2790231,50.7238062]},"properties":{"name":"Richardsons Yacht Services","category":"service","facility":"boatyard","sourceName":"OpenStreetMap","sourceFeatureId":"osm:way/935741780","sourceUrl":"https://www.openstreetmap.org/way/935741780","sourceUpdated":"2026-08-20T23:30:50Z","licence":"ODbL 1.0","warning":"Community-maintained place data. Verify access, facilities and local restrictions."}},{"type":"Feature","id":"osm:way/523292306","geometry":{"type":"Point","coordinates":[-1.5059438,50.7014808]},"properties":{"name":"River Yar Boatyard (Saltern Wood Quay)","category":"service","facility":"boatyard","sourceName":"OpenStreetMap","sourceFeatureId":"osm:way/523292306","sourceUrl":"https://www.openstreetmap.org/way/523292306","sourceUpdated":"2026-08-20T23:30:50Z","licence":"ODbL 1.0","warning":"Community-maintained place data. Verify access, facilities and local restrictions."}},{"type":"Feature","id":"osm:way/145070957","geometry":{"type":"Point","coordinates":[-1.2992447,50.8879151]},"properties":{"name":"Riverside Boatyard","category":"service","facility":"boatyard","sourceName":"OpenStreetMap","sourceFeatureId":"osm:way/145070957","sourceUrl":"https://www.openstreetmap.org/way/145070957","sourceUpdated":"2026-08-20T23:30:50Z","licence":"ODbL 1.0","warning":"Community-maintained place data. Verify access, facilities and local restrictions."}},{"type":"Feature","id":"osm:way/632614123","geometry":{"type":"Point","coordinates":[-0.7799893,50.7281889]},"properties":{"name":"RNLI Selsey","category":"service","facility":"boatyard","operator":"RNLI Selsey","sourceName":"OpenStreetMap","sourceFeatureId":"osm:way/632614123","sourceUrl":"https://www.openstreetmap.org/way/632614123","sourceUpdated":"2026-08-20T23:30:50Z","licence":"ODbL 1.0","warning":"Community-maintained place data. Verify access, facilities and local restrictions."}},{"type":"Feature","id":"osm:way/529933823","geometry":{"type":"Point","coordinates":[-1.3139611,50.8595992]},"properties":{"name":"Royal Air Force Yacht Club","category":"service","facility":"nautical club","sourceName":"OpenStreetMap","sourceFeatureId":"osm:way/529933823","sourceUrl":"https://www.openstreetmap.org/way/529933823","sourceUpdated":"2026-08-20T23:30:50Z","licence":"ODbL 1.0","warning":"Community-maintained place data. Verify access, facilities and local restrictions."}},{"type":"Feature","id":"osm:way/115717183","geometry":{"type":"Point","coordinates":[-1.143973,50.7283666]},"properties":{"name":"Ryde Inshore Rescue","category":"service","facility":"rescue station","sourceName":"OpenStreetMap","sourceFeatureId":"osm:way/115717183","sourceUrl":"https://www.openstreetmap.org/way/115717183","sourceUpdated":"2026-08-20T23:30:50Z","licence":"ODbL 1.0","warning":"Community-maintained place data. Verify access, facilities and local restrictions."}},{"type":"Feature","id":"osm:way/215905963","geometry":{"type":"Point","coordinates":[-1.2233007,50.8135684]},"properties":{"name":"Seafarers Sailing Club","category":"service","facility":"boatyard","sourceName":"OpenStreetMap","sourceFeatureId":"osm:way/215905963","sourceUrl":"https://www.openstreetmap.org/way/215905963","sourceUpdated":"2026-08-20T23:30:50Z","licence":"ODbL 1.0","warning":"Community-maintained place data. Verify access, facilities and local restrictions."}},{"type":"Feature","id":"osm:way/632608663","geometry":{"type":"Point","coordinates":[-0.7801407,50.7283398]},"properties":{"name":"Selsey Lifeboat Station","category":"service","facility":"rescue station","operator":"Royal National Lifeboat Institution","sourceName":"OpenStreetMap","sourceFeatureId":"osm:way/632608663","sourceUrl":"https://www.openstreetmap.org/way/632608663","sourceUpdated":"2026-08-20T23:30:50Z","licence":"ODbL 1.0","warning":"Community-maintained place data. Verify access, facilities and local restrictions."}},{"type":"Feature","id":"osm:node/5081006674","geometry":{"type":"Point","coordinates":[-1.4141869,50.7122186]},"properties":{"name":"Shalfleet Quay","category":"service","facility":"boatyard","sourceName":"OpenStreetMap","sourceFeatureId":"osm:node/5081006674","sourceUrl":"https://www.openstreetmap.org/node/5081006674","sourceUpdated":"2026-08-20T23:29:45Z","licence":"ODbL 1.0","warning":"Community-maintained place data. Verify access, facilities and local restrictions."}},{"type":"Feature","id":"osm:node/4665906055","geometry":{"type":"Point","coordinates":[-0.9366686,50.781698]},"properties":{"name":"Small-craft service","category":"service","facility":"rescue station","sourceName":"OpenStreetMap","sourceFeatureId":"osm:node/4665906055","sourceUrl":"https://www.openstreetmap.org/node/4665906055","sourceUpdated":"2026-08-20T23:29:45Z","licence":"ODbL 1.0","warning":"Community-maintained place data. Verify access, facilities and local restrictions."}},{"type":"Feature","id":"osm:node/8855203511","geometry":{"type":"Point","coordinates":[-0.8539764,50.7585817]},"properties":{"name":"Small-craft service","category":"service","facility":"boat supplies","sourceName":"OpenStreetMap","sourceFeatureId":"osm:node/8855203511","sourceUrl":"https://www.openstreetmap.org/node/8855203511","sourceUpdated":"2026-08-20T23:29:45Z","licence":"ODbL 1.0","warning":"Community-maintained place data. Verify access, facilities and local restrictions."}},{"type":"Feature","id":"osm:relation/3520744","geometry":{"type":"Point","coordinates":[-1.2996886,50.8845533]},"properties":{"name":"Small-craft service","category":"service","facility":"boatyard","sourceName":"OpenStreetMap","sourceFeatureId":"osm:relation/3520744","sourceUrl":"https://www.openstreetmap.org/relation/3520744","sourceUpdated":"2026-08-20T23:30:50Z","licence":"ODbL 1.0","warning":"Community-maintained place data. Verify access, facilities and local restrictions."}},{"type":"Feature","id":"osm:relation/3520746","geometry":{"type":"Point","coordinates":[-1.3014709,50.8856332]},"properties":{"name":"Small-craft service","category":"service","facility":"boatyard","sourceName":"OpenStreetMap","sourceFeatureId":"osm:relation/3520746","sourceUrl":"https://www.openstreetmap.org/relation/3520746","sourceUpdated":"2026-08-20T23:30:50Z","licence":"ODbL 1.0","warning":"Community-maintained place data. Verify access, facilities and local restrictions."}},{"type":"Feature","id":"osm:relation/3520747","geometry":{"type":"Point","coordinates":[-1.3036799,50.8837985]},"properties":{"name":"Small-craft service","category":"service","facility":"boatyard","sourceName":"OpenStreetMap","sourceFeatureId":"osm:relation/3520747","sourceUrl":"https://www.openstreetmap.org/relation/3520747","sourceUpdated":"2026-08-20T23:30:50Z","licence":"ODbL 1.0","warning":"Community-maintained place data. Verify access, facilities and local restrictions."}},{"type":"Feature","id":"osm:relation/3520748","geometry":{"type":"Point","coordinates":[-1.2996399,50.8826507]},"properties":{"name":"Small-craft service","category":"service","facility":"boatyard","sourceName":"OpenStreetMap","sourceFeatureId":"osm:relation/3520748","sourceUrl":"https://www.openstreetmap.org/relation/3520748","sourceUpdated":"2026-08-20T23:30:50Z","licence":"ODbL 1.0","warning":"Community-maintained place data. Verify access, facilities and local restrictions."}},{"type":"Feature","id":"osm:way/117678890","geometry":{"type":"Point","coordinates":[-1.950347,50.7116573]},"properties":{"name":"Small-craft service","category":"service","facility":"boatyard","sourceName":"OpenStreetMap","sourceFeatureId":"osm:way/117678890","sourceUrl":"https://www.openstreetmap.org/way/117678890","sourceUpdated":"2026-08-20T23:30:50Z","licence":"ODbL 1.0","warning":"Community-maintained place data. Verify access, facilities and local restrictions."}},{"type":"Feature","id":"osm:way/1212706415","geometry":{"type":"Point","coordinates":[-0.9706583,50.8048503]},"properties":{"name":"Small-craft service","category":"service","facility":"boatyard","sourceName":"OpenStreetMap","sourceFeatureId":"osm:way/1212706415","sourceUrl":"https://www.openstreetmap.org/way/1212706415","sourceUpdated":"2026-08-20T23:30:50Z","licence":"ODbL 1.0","warning":"Community-maintained place data. Verify access, facilities and local restrictions."}},{"type":"Feature","id":"osm:way/1300916656","geometry":{"type":"Point","coordinates":[-1.2322097,50.8171871]},"properties":{"name":"Small-craft service","category":"service","facility":"boatyard","sourceName":"OpenStreetMap","sourceFeatureId":"osm:way/1300916656","sourceUrl":"https://www.openstreetmap.org/way/1300916656","sourceUpdated":"2026-08-20T23:30:50Z","licence":"ODbL 1.0","warning":"Community-maintained place data. Verify access, facilities and local restrictions."}},{"type":"Feature","id":"osm:way/1307857033","geometry":{"type":"Point","coordinates":[-0.9991912,50.8453662]},"properties":{"name":"Small-craft service","category":"service","facility":"boatyard","sourceName":"OpenStreetMap","sourceFeatureId":"osm:way/1307857033","sourceUrl":"https://www.openstreetmap.org/way/1307857033","sourceUpdated":"2026-08-20T23:30:50Z","licence":"ODbL 1.0","warning":"Community-maintained place data. Verify access, facilities and local restrictions."}},{"type":"Feature","id":"osm:way/1341811327","geometry":{"type":"Point","coordinates":[-1.3998696,50.8752339]},"properties":{"name":"Small-craft service","category":"service","facility":"fuel station","sourceName":"OpenStreetMap","sourceFeatureId":"osm:way/1341811327","sourceUrl":"https://www.openstreetmap.org/way/1341811327","sourceUpdated":"2026-08-20T23:30:50Z","licence":"ODbL 1.0","warning":"Community-maintained place data. Verify access, facilities and local restrictions."}},{"type":"Feature","id":"osm:way/139741906","geometry":{"type":"Point","coordinates":[-1.0364465,50.7905305]},"properties":{"name":"Small-craft service","category":"service","facility":"boatyard","sourceName":"OpenStreetMap","sourceFeatureId":"osm:way/139741906","sourceUrl":"https://www.openstreetmap.org/way/139741906","sourceUpdated":"2026-08-20T23:30:50Z","licence":"ODbL 1.0","warning":"Community-maintained place data. Verify access, facilities and local restrictions."}},{"type":"Feature","id":"osm:way/139741938","geometry":{"type":"Point","coordinates":[-1.0330519,50.7917734]},"properties":{"name":"Small-craft service","category":"service","facility":"boatyard","sourceName":"OpenStreetMap","sourceFeatureId":"osm:way/139741938","sourceUrl":"https://www.openstreetmap.org/way/139741938","sourceUpdated":"2026-08-20T23:30:50Z","licence":"ODbL 1.0","warning":"Community-maintained place data. Verify access, facilities and local restrictions."}},{"type":"Feature","id":"osm:way/1470191063","geometry":{"type":"Point","coordinates":[-1.770416,50.7322674]},"properties":{"name":"Small-craft service","category":"service","facility":"boatyard","sourceName":"OpenStreetMap","sourceFeatureId":"osm:way/1470191063","sourceUrl":"https://www.openstreetmap.org/way/1470191063","sourceUpdated":"2026-08-20T23:30:50Z","licence":"ODbL 1.0","warning":"Community-maintained place data. Verify access, facilities and local restrictions."}},{"type":"Feature","id":"osm:way/1470192280","geometry":{"type":"Point","coordinates":[-1.7718622,50.7318056]},"properties":{"name":"Small-craft service","category":"service","facility":"boatyard","sourceName":"OpenStreetMap","sourceFeatureId":"osm:way/1470192280","sourceUrl":"https://www.openstreetmap.org/way/1470192280","sourceUpdated":"2026-08-20T23:30:50Z","licence":"ODbL 1.0","warning":"Community-maintained place data. Verify access, facilities and local restrictions."}},{"type":"Feature","id":"osm:way/147046231","geometry":{"type":"Point","coordinates":[-1.0933423,50.8271572]},"properties":{"name":"Small-craft service","category":"service","facility":"boatyard","sourceName":"OpenStreetMap","sourceFeatureId":"osm:way/147046231","sourceUrl":"https://www.openstreetmap.org/way/147046231","sourceUpdated":"2026-08-20T23:30:50Z","licence":"ODbL 1.0","warning":"Community-maintained place data. Verify access, facilities and local restrictions."}},{"type":"Feature","id":"osm:way/162073195","geometry":{"type":"Point","coordinates":[-1.536905,50.7601445]},"properties":{"name":"Small-craft service","category":"service","facility":"boatyard","sourceName":"OpenStreetMap","sourceFeatureId":"osm:way/162073195","sourceUrl":"https://www.openstreetmap.org/way/162073195","sourceUpdated":"2026-08-20T23:30:50Z","licence":"ODbL 1.0","warning":"Community-maintained place data. Verify access, facilities and local restrictions."}},{"type":"Feature","id":"osm:way/17159592","geometry":{"type":"Point","coordinates":[-1.4025115,50.8765689]},"properties":{"name":"Small-craft service","category":"service","facility":"boatyard","sourceName":"OpenStreetMap","sourceFeatureId":"osm:way/17159592","sourceUrl":"https://www.openstreetmap.org/way/17159592","sourceUpdated":"2026-08-20T23:30:50Z","licence":"ODbL 1.0","warning":"Community-maintained place data. Verify access, facilities and local restrictions."}},{"type":"Feature","id":"osm:way/190275292","geometry":{"type":"Point","coordinates":[-1.3128908,50.8568923]},"properties":{"name":"Small-craft service","category":"service","facility":"boatyard","sourceName":"OpenStreetMap","sourceFeatureId":"osm:way/190275292","sourceUrl":"https://www.openstreetmap.org/way/190275292","sourceUpdated":"2026-08-20T23:30:50Z","licence":"ODbL 1.0","warning":"Community-maintained place data. Verify access, facilities and local restrictions."}},{"type":"Feature","id":"osm:way/314851376","geometry":{"type":"Point","coordinates":[-1.3237539,50.7604277]},"properties":{"name":"Small-craft service","category":"service","facility":"boatyard","sourceName":"OpenStreetMap","sourceFeatureId":"osm:way/314851376","sourceUrl":"https://www.openstreetmap.org/way/314851376","sourceUpdated":"2026-08-20T23:30:50Z","licence":"ODbL 1.0","warning":"Community-maintained place data. Verify access, facilities and local restrictions."}},{"type":"Feature","id":"osm:way/31899021","geometry":{"type":"Point","coordinates":[-1.3836021,50.8905726]},"properties":{"name":"Small-craft service","category":"service","facility":"boatyard","sourceName":"OpenStreetMap","sourceFeatureId":"osm:way/31899021","sourceUrl":"https://www.openstreetmap.org/way/31899021","sourceUpdated":"2026-08-20T23:30:50Z","licence":"ODbL 1.0","warning":"Community-maintained place data. Verify access, facilities and local restrictions."}},{"type":"Feature","id":"osm:way/32536765","geometry":{"type":"Point","coordinates":[-1.1034773,50.8415317]},"properties":{"name":"Small-craft service","category":"service","facility":"boatyard","sourceName":"OpenStreetMap","sourceFeatureId":"osm:way/32536765","sourceUrl":"https://www.openstreetmap.org/way/32536765","sourceUpdated":"2026-08-20T23:30:50Z","licence":"ODbL 1.0","warning":"Community-maintained place data. Verify access, facilities and local restrictions."}},{"type":"Feature","id":"osm:way/366042714","geometry":{"type":"Point","coordinates":[-1.3369032,50.8272855]},"properties":{"name":"Small-craft service","category":"service","facility":"boatyard","sourceName":"OpenStreetMap","sourceFeatureId":"osm:way/366042714","sourceUrl":"https://www.openstreetmap.org/way/366042714","sourceUpdated":"2026-08-20T23:30:50Z","licence":"ODbL 1.0","warning":"Community-maintained place data. Verify access, facilities and local restrictions."}},{"type":"Feature","id":"osm:way/454908149","geometry":{"type":"Point","coordinates":[-1.7704197,50.7344882]},"properties":{"name":"Small-craft service","category":"service","facility":"boatyard","sourceName":"OpenStreetMap","sourceFeatureId":"osm:way/454908149","sourceUrl":"https://www.openstreetmap.org/way/454908149","sourceUpdated":"2026-08-20T23:30:50Z","licence":"ODbL 1.0","warning":"Community-maintained place data. Verify access, facilities and local restrictions."}},{"type":"Feature","id":"osm:way/491602478","geometry":{"type":"Point","coordinates":[-1.0294626,50.7924429]},"properties":{"name":"Small-craft service","category":"service","facility":"slipway","sourceName":"OpenStreetMap","sourceFeatureId":"osm:way/491602478","sourceUrl":"https://www.openstreetmap.org/way/491602478","sourceUpdated":"2026-08-20T23:30:50Z","licence":"ODbL 1.0","warning":"Community-maintained place data. Verify access, facilities and local restrictions."}},{"type":"Feature","id":"osm:way/49796119","geometry":{"type":"Point","coordinates":[-0.9563304,50.7887798]},"properties":{"name":"Small-craft service","category":"service","facility":"boatyard","sourceName":"OpenStreetMap","sourceFeatureId":"osm:way/49796119","sourceUrl":"https://www.openstreetmap.org/way/49796119","sourceUpdated":"2026-08-20T23:30:50Z","licence":"ODbL 1.0","warning":"Community-maintained place data. Verify access, facilities and local restrictions."}},{"type":"Feature","id":"osm:way/506175978","geometry":{"type":"Point","coordinates":[-1.0251001,50.7961078]},"properties":{"name":"Small-craft service","category":"service","facility":"fuel station","sourceName":"OpenStreetMap","sourceFeatureId":"osm:way/506175978","sourceUrl":"https://www.openstreetmap.org/way/506175978","sourceUpdated":"2026-08-20T23:30:50Z","licence":"ODbL 1.0","warning":"Community-maintained place data. Verify access, facilities and local restrictions."}},{"type":"Feature","id":"osm:way/599244990","geometry":{"type":"Point","coordinates":[-0.8321351,50.8024698]},"properties":{"name":"Small-craft service","category":"service","facility":"boatyard","sourceName":"OpenStreetMap","sourceFeatureId":"osm:way/599244990","sourceUrl":"https://www.openstreetmap.org/way/599244990","sourceUpdated":"2026-08-20T23:30:50Z","licence":"ODbL 1.0","warning":"Community-maintained place data. Verify access, facilities and local restrictions."}},{"type":"Feature","id":"osm:way/694814180","geometry":{"type":"Point","coordinates":[-1.0998934,50.8406739]},"properties":{"name":"Small-craft service","category":"service","facility":"boatyard","sourceName":"OpenStreetMap","sourceFeatureId":"osm:way/694814180","sourceUrl":"https://www.openstreetmap.org/way/694814180","sourceUpdated":"2026-08-20T23:30:50Z","licence":"ODbL 1.0","warning":"Community-maintained place data. Verify access, facilities and local restrictions."}},{"type":"Feature","id":"osm:way/778257212","geometry":{"type":"Point","coordinates":[-1.948254,50.7071455]},"properties":{"name":"Small-craft service","category":"service","facility":"boatyard","sourceName":"OpenStreetMap","sourceFeatureId":"osm:way/778257212","sourceUrl":"https://www.openstreetmap.org/way/778257212","sourceUpdated":"2026-08-20T23:30:50Z","licence":"ODbL 1.0","warning":"Community-maintained place data. Verify access, facilities and local restrictions."}},{"type":"Feature","id":"osm:way/854500711","geometry":{"type":"Point","coordinates":[-0.8754498,50.7659053]},"properties":{"name":"Small-craft service","category":"service","facility":"boatyard","sourceName":"OpenStreetMap","sourceFeatureId":"osm:way/854500711","sourceUrl":"https://www.openstreetmap.org/way/854500711","sourceUpdated":"2026-08-20T23:30:50Z","licence":"ODbL 1.0","warning":"Community-maintained place data. Verify access, facilities and local restrictions."}},{"type":"Feature","id":"osm:way/880677557","geometry":{"type":"Point","coordinates":[-1.0419627,50.8232713]},"properties":{"name":"Small-craft service","category":"service","facility":"boatyard","sourceName":"OpenStreetMap","sourceFeatureId":"osm:way/880677557","sourceUrl":"https://www.openstreetmap.org/way/880677557","sourceUpdated":"2026-08-20T23:30:50Z","licence":"ODbL 1.0","warning":"Community-maintained place data. Verify access, facilities and local restrictions."}},{"type":"Feature","id":"osm:way/880677744","geometry":{"type":"Point","coordinates":[-1.0417192,50.8226044]},"properties":{"name":"Small-craft service","category":"service","facility":"boatyard","sourceName":"OpenStreetMap","sourceFeatureId":"osm:way/880677744","sourceUrl":"https://www.openstreetmap.org/way/880677744","sourceUpdated":"2026-08-20T23:30:50Z","licence":"ODbL 1.0","warning":"Community-maintained place data. Verify access, facilities and local restrictions."}},{"type":"Feature","id":"osm:way/894209738","geometry":{"type":"Point","coordinates":[-1.7424926,50.7242272]},"properties":{"name":"Small-craft service","category":"service","facility":"slipway","sourceName":"OpenStreetMap","sourceFeatureId":"osm:way/894209738","sourceUrl":"https://www.openstreetmap.org/way/894209738","sourceUpdated":"2026-08-20T23:30:50Z","licence":"ODbL 1.0","warning":"Community-maintained place data. Verify access, facilities and local restrictions."}},{"type":"Feature","id":"osm:way/894262200","geometry":{"type":"Point","coordinates":[-1.0704078,50.6903128]},"properties":{"name":"Small-craft service","category":"service","facility":"slipway","sourceName":"OpenStreetMap","sourceFeatureId":"osm:way/894262200","sourceUrl":"https://www.openstreetmap.org/way/894262200","sourceUpdated":"2026-08-20T23:30:50Z","licence":"ODbL 1.0","warning":"Community-maintained place data. Verify access, facilities and local restrictions."}},{"type":"Feature","id":"osm:way/89968512","geometry":{"type":"Point","coordinates":[-1.3820973,50.889323]},"properties":{"name":"Small-craft service","category":"service","facility":"boatyard","sourceName":"OpenStreetMap","sourceFeatureId":"osm:way/89968512","sourceUrl":"https://www.openstreetmap.org/way/89968512","sourceUpdated":"2026-08-20T23:30:50Z","licence":"ODbL 1.0","warning":"Community-maintained place data. Verify access, facilities and local restrictions."}},{"type":"Feature","id":"osm:way/42282138","geometry":{"type":"Point","coordinates":[-1.0058719,50.8435931]},"properties":{"name":"Storehouse Lake Angling Club","category":"service","facility":"boatyard","sourceName":"OpenStreetMap","sourceFeatureId":"osm:way/42282138","sourceUrl":"https://www.openstreetmap.org/way/42282138","sourceUpdated":"2026-08-20T23:30:50Z","licence":"ODbL 1.0","warning":"Community-maintained place data. Verify access, facilities and local restrictions."}},{"type":"Feature","id":"osm:way/270986138","geometry":{"type":"Point","coordinates":[-1.9468158,50.6072441]},"properties":{"name":"Swanage Lifeboat Station","category":"service","facility":"rescue station","operator":"Royal National Lifeboat Institution","sourceName":"OpenStreetMap","sourceFeatureId":"osm:way/270986138","sourceUrl":"https://www.openstreetmap.org/way/270986138","sourceUpdated":"2026-08-20T23:30:50Z","licence":"ODbL 1.0","warning":"Community-maintained place data. Verify access, facilities and local restrictions."}},{"type":"Feature","id":"osm:node/10916590837","geometry":{"type":"Point","coordinates":[-0.9174733,50.8357121]},"properties":{"name":"Thornham Marina","category":"service","facility":"boatyard","sourceName":"OpenStreetMap","sourceFeatureId":"osm:node/10916590837","sourceUrl":"https://www.openstreetmap.org/node/10916590837","sourceUpdated":"2026-08-20T23:29:45Z","licence":"ODbL 1.0","warning":"Community-maintained place data. Verify access, facilities and local restrictions."}},{"type":"Feature","id":"osm:way/147046227","geometry":{"type":"Point","coordinates":[-1.0939833,50.8236076]},"properties":{"name":"Tipner Boating and Angling Club","category":"service","facility":"boatyard","sourceName":"OpenStreetMap","sourceFeatureId":"osm:way/147046227","sourceUrl":"https://www.openstreetmap.org/way/147046227","sourceUpdated":"2026-08-20T23:30:50Z","licence":"ODbL 1.0","warning":"Community-maintained place data. Verify access, facilities and local restrictions."}},{"type":"Feature","id":"osm:way/880676934","geometry":{"type":"Point","coordinates":[-1.0427423,50.8237217]},"properties":{"name":"Tudor Sailing Club boatyard","category":"service","facility":"boatyard","operator":"Tudor Sailing Club","sourceName":"OpenStreetMap","sourceFeatureId":"osm:way/880676934","sourceUrl":"https://www.openstreetmap.org/way/880676934","sourceUpdated":"2026-08-20T23:30:50Z","licence":"ODbL 1.0","warning":"Community-maintained place data. Verify access, facilities and local restrictions."}},{"type":"Feature","id":"osm:way/31743547","geometry":{"type":"Point","coordinates":[-1.3021127,50.8749095]},"properties":{"name":"Universal Marina","category":"service","facility":"boatyard","sourceName":"OpenStreetMap","sourceFeatureId":"osm:way/31743547","sourceUrl":"https://www.openstreetmap.org/way/31743547","sourceUpdated":"2026-08-20T23:30:50Z","licence":"ODbL 1.0","warning":"Community-maintained place data. Verify access, facilities and local restrictions."}},{"type":"Feature","id":"osm:way/642521448","geometry":{"type":"Point","coordinates":[-1.5667677,50.7221507]},"properties":{"name":"West Solent Boat Builders","category":"service","facility":"boatyard","sourceName":"OpenStreetMap","sourceFeatureId":"osm:way/642521448","sourceUrl":"https://www.openstreetmap.org/way/642521448","sourceUpdated":"2026-08-20T23:30:50Z","licence":"ODbL 1.0","warning":"Community-maintained place data. Verify access, facilities and local restrictions."}},{"type":"Feature","id":"osm:way/31961719","geometry":{"type":"Point","coordinates":[-1.3629048,50.8794133]},"properties":{"name":"Weston Sailing Club boatyard","category":"service","facility":"boatyard","sourceName":"OpenStreetMap","sourceFeatureId":"osm:way/31961719","sourceUrl":"https://www.openstreetmap.org/way/31961719","sourceUpdated":"2026-08-20T23:30:50Z","licence":"ODbL 1.0","warning":"Community-maintained place data. Verify access, facilities and local restrictions."}},{"type":"Feature","id":"osm:way/377153782","geometry":{"type":"Point","coordinates":[-1.3806372,50.906725]},"properties":{"name":"Willmemts Shipyard","category":"service","facility":"boatyard","sourceName":"OpenStreetMap","sourceFeatureId":"osm:way/377153782","sourceUrl":"https://www.openstreetmap.org/way/377153782","sourceUpdated":"2026-08-20T23:30:50Z","licence":"ODbL 1.0","warning":"Community-maintained place data. Verify access, facilities and local restrictions."}},{"type":"Feature","id":"osm:node/9413984332","geometry":{"type":"Point","coordinates":[-1.2267471,50.725446]},"properties":{"name":"Wootton Creek Association Boat Storage","category":"service","facility":"boat supplies","sourceName":"OpenStreetMap","sourceFeatureId":"osm:node/9413984332","sourceUrl":"https://www.openstreetmap.org/node/9413984332","sourceUpdated":"2026-08-20T23:29:45Z","licence":"ODbL 1.0","warning":"Community-maintained place data. Verify access, facilities and local restrictions."}},{"type":"Feature","id":"osm:way/136843906","geometry":{"type":"Point","coordinates":[-1.500491,50.7061556]},"properties":{"name":"Yarmouth Lifeboat Station","category":"service","facility":"rescue station","operator":"Royal National Lifeboat Institution","sourceName":"OpenStreetMap","sourceFeatureId":"osm:way/136843906","sourceUrl":"https://www.openstreetmap.org/way/136843906","sourceUpdated":"2026-08-20T23:30:50Z","licence":"ODbL 1.0","warning":"Community-maintained place data. Verify access, facilities and local restrictions."}},{"type":"Feature","id":"osm:node/43405189","geometry":{"type":"Point","coordinates":[-1.3392985,50.8270716]},"properties":{"name":"Ashlett Hard","category":"slipway","sourceName":"OpenStreetMap","sourceFeatureId":"osm:node/43405189","sourceUrl":"https://www.openstreetmap.org/node/43405189","sourceUpdated":"2026-08-20T23:29:45Z","licence":"ODbL 1.0","warning":"Community-maintained place data. Verify access, facilities and local restrictions."}},{"type":"Feature","id":"osm:node/252187441","geometry":{"type":"Point","coordinates":[-0.8605979,50.7609964]},"properties":{"name":"Chichester District Council","category":"slipway","facility":"customers","operator":"Chichester District Council","sourceName":"OpenStreetMap","sourceFeatureId":"osm:node/252187441","sourceUrl":"https://www.openstreetmap.org/node/252187441","sourceUpdated":"2026-08-20T23:29:45Z","licence":"ODbL 1.0","warning":"Community-maintained place data. Verify access, facilities and local restrictions."}},{"type":"Feature","id":"osm:node/677192195","geometry":{"type":"Point","coordinates":[-0.8746099,50.8160233]},"properties":{"name":"Cobnor Hard","category":"slipway","facility":"permit","sourceName":"OpenStreetMap","sourceFeatureId":"osm:node/677192195","sourceUrl":"https://www.openstreetmap.org/node/677192195","sourceUpdated":"2026-08-20T23:29:45Z","licence":"ODbL 1.0","warning":"Community-maintained place data. Verify access, facilities and local restrictions."}},{"type":"Feature","id":"osm:node/13789243999","geometry":{"type":"Point","coordinates":[-1.3124902,50.857118]},"properties":{"name":"Hamble Parish Council","category":"slipway","operator":"Hamble Parish Council","sourceName":"OpenStreetMap","sourceFeatureId":"osm:node/13789243999","sourceUrl":"https://www.openstreetmap.org/node/13789243999","sourceUpdated":"2026-08-20T23:29:45Z","licence":"ODbL 1.0","warning":"Community-maintained place data. Verify access, facilities and local restrictions."}},{"type":"Feature","id":"osm:node/13789244000","geometry":{"type":"Point","coordinates":[-1.3125975,50.8575074]},"properties":{"name":"Hamble Parish Council","category":"slipway","facility":"yes","operator":"Hamble Parish Council","sourceName":"OpenStreetMap","sourceFeatureId":"osm:node/13789244000","sourceUrl":"https://www.openstreetmap.org/node/13789244000","sourceUpdated":"2026-08-20T23:29:45Z","licence":"ODbL 1.0","warning":"Community-maintained place data. Verify access, facilities and local restrictions."}},{"type":"Feature","id":"osm:node/2583800482","geometry":{"type":"Point","coordinates":[-0.9680055,50.8320141]},"properties":{"name":"Northney Marina Slipway","category":"slipway","sourceName":"OpenStreetMap","sourceFeatureId":"osm:node/2583800482","sourceUrl":"https://www.openstreetmap.org/node/2583800482","sourceUpdated":"2026-08-20T23:29:45Z","licence":"ODbL 1.0","warning":"Community-maintained place data. Verify access, facilities and local restrictions."}},{"type":"Feature","id":"osm:node/5647353681","geometry":{"type":"Point","coordinates":[-0.9696304,50.8348126]},"properties":{"name":"Northney Tidal Slipway","category":"slipway","sourceName":"OpenStreetMap","sourceFeatureId":"osm:node/5647353681","sourceUrl":"https://www.openstreetmap.org/node/5647353681","sourceUpdated":"2026-08-20T23:29:45Z","licence":"ODbL 1.0","warning":"Community-maintained place data. Verify access, facilities and local restrictions."}},{"type":"Feature","id":"osm:node/4427780873","geometry":{"type":"Point","coordinates":[-1.0937222,50.692884]},"properties":{"name":"Private Slipway","category":"slipway","sourceName":"OpenStreetMap","sourceFeatureId":"osm:node/4427780873","sourceUrl":"https://www.openstreetmap.org/node/4427780873","sourceUpdated":"2026-08-20T23:29:45Z","licence":"ODbL 1.0","warning":"Community-maintained place data. Verify access, facilities and local restrictions."}},{"type":"Feature","id":"osm:node/694533555","geometry":{"type":"Point","coordinates":[-0.913366,50.8399288]},"properties":{"name":"Public Slipway","category":"slipway","sourceName":"OpenStreetMap","sourceFeatureId":"osm:node/694533555","sourceUrl":"https://www.openstreetmap.org/node/694533555","sourceUpdated":"2026-08-20T23:29:45Z","licence":"ODbL 1.0","warning":"Community-maintained place data. Verify access, facilities and local restrictions."}},{"type":"Feature","id":"osm:way/894191730","geometry":{"type":"Point","coordinates":[-1.9464818,50.6076403]},"properties":{"name":"RNLI","category":"slipway","facility":"private","operator":"RNLI","sourceName":"OpenStreetMap","sourceFeatureId":"osm:way/894191730","sourceUrl":"https://www.openstreetmap.org/way/894191730","sourceUpdated":"2026-08-20T23:30:50Z","licence":"ODbL 1.0","warning":"Community-maintained place data. Verify access, facilities and local restrictions."}},{"type":"Feature","id":"osm:node/10678030444","geometry":{"type":"Point","coordinates":[-0.8268227,50.8049907]},"properties":{"name":"Slipway","category":"slipway","sourceName":"OpenStreetMap","sourceFeatureId":"osm:node/10678030444","sourceUrl":"https://www.openstreetmap.org/node/10678030444","sourceUpdated":"2026-08-20T23:29:45Z","licence":"ODbL 1.0","warning":"Community-maintained place data. Verify access, facilities and local restrictions."}},{"type":"Feature","id":"osm:node/10882723702","geometry":{"type":"Point","coordinates":[-0.9407191,50.8423279]},"properties":{"name":"Slipway","category":"slipway","sourceName":"OpenStreetMap","sourceFeatureId":"osm:node/10882723702","sourceUrl":"https://www.openstreetmap.org/node/10882723702","sourceUpdated":"2026-08-20T23:29:45Z","licence":"ODbL 1.0","warning":"Community-maintained place data. Verify access, facilities and local restrictions."}},{"type":"Feature","id":"osm:node/10922275370","geometry":{"type":"Point","coordinates":[-0.8609033,50.8290686]},"properties":{"name":"Slipway","category":"slipway","sourceName":"OpenStreetMap","sourceFeatureId":"osm:node/10922275370","sourceUrl":"https://www.openstreetmap.org/node/10922275370","sourceUpdated":"2026-08-20T23:29:45Z","licence":"ODbL 1.0","warning":"Community-maintained place data. Verify access, facilities and local restrictions."}},{"type":"Feature","id":"osm:node/10929113538","geometry":{"type":"Point","coordinates":[-0.8502147,50.8057313]},"properties":{"name":"Slipway","category":"slipway","sourceName":"OpenStreetMap","sourceFeatureId":"osm:node/10929113538","sourceUrl":"https://www.openstreetmap.org/node/10929113538","sourceUpdated":"2026-08-20T23:29:45Z","licence":"ODbL 1.0","warning":"Community-maintained place data. Verify access, facilities and local restrictions."}},{"type":"Feature","id":"osm:node/10931264744","geometry":{"type":"Point","coordinates":[-0.8260025,50.804493]},"properties":{"name":"Slipway","category":"slipway","sourceName":"OpenStreetMap","sourceFeatureId":"osm:node/10931264744","sourceUrl":"https://www.openstreetmap.org/node/10931264744","sourceUpdated":"2026-08-20T23:29:45Z","licence":"ODbL 1.0","warning":"Community-maintained place data. Verify access, facilities and local restrictions."}},{"type":"Feature","id":"osm:node/10932028024","geometry":{"type":"Point","coordinates":[-0.8643129,50.806594]},"properties":{"name":"Slipway","category":"slipway","sourceName":"OpenStreetMap","sourceFeatureId":"osm:node/10932028024","sourceUrl":"https://www.openstreetmap.org/node/10932028024","sourceUpdated":"2026-08-20T23:29:45Z","licence":"ODbL 1.0","warning":"Community-maintained place data. Verify access, facilities and local restrictions."}},{"type":"Feature","id":"osm:node/10932028025","geometry":{"type":"Point","coordinates":[-0.8644366,50.8066795]},"properties":{"name":"Slipway","category":"slipway","sourceName":"OpenStreetMap","sourceFeatureId":"osm:node/10932028025","sourceUrl":"https://www.openstreetmap.org/node/10932028025","sourceUpdated":"2026-08-20T23:29:45Z","licence":"ODbL 1.0","warning":"Community-maintained place data. Verify access, facilities and local restrictions."}},{"type":"Feature","id":"osm:node/1096834863","geometry":{"type":"Point","coordinates":[-1.1344623,50.6618008]},"properties":{"name":"Slipway","category":"slipway","sourceName":"OpenStreetMap","sourceFeatureId":"osm:node/1096834863","sourceUrl":"https://www.openstreetmap.org/node/1096834863","sourceUpdated":"2026-08-20T23:29:45Z","licence":"ODbL 1.0","warning":"Community-maintained place data. Verify access, facilities and local restrictions."}},{"type":"Feature","id":"osm:node/11175474681","geometry":{"type":"Point","coordinates":[-0.8623107,50.8278729]},"properties":{"name":"Slipway","category":"slipway","facility":"private","sourceName":"OpenStreetMap","sourceFeatureId":"osm:node/11175474681","sourceUrl":"https://www.openstreetmap.org/node/11175474681","sourceUpdated":"2026-08-20T23:29:45Z","licence":"ODbL 1.0","warning":"Community-maintained place data. Verify access, facilities and local restrictions."}},{"type":"Feature","id":"osm:node/11188900840","geometry":{"type":"Point","coordinates":[-1.3893815,50.8654799]},"properties":{"name":"Slipway","category":"slipway","sourceName":"OpenStreetMap","sourceFeatureId":"osm:node/11188900840","sourceUrl":"https://www.openstreetmap.org/node/11188900840","sourceUpdated":"2026-08-20T23:29:45Z","licence":"ODbL 1.0","warning":"Community-maintained place data. Verify access, facilities and local restrictions."}},{"type":"Feature","id":"osm:node/11188900893","geometry":{"type":"Point","coordinates":[-1.3886832,50.8647545]},"properties":{"name":"Slipway","category":"slipway","sourceName":"OpenStreetMap","sourceFeatureId":"osm:node/11188900893","sourceUrl":"https://www.openstreetmap.org/node/11188900893","sourceUpdated":"2026-08-20T23:29:45Z","licence":"ODbL 1.0","warning":"Community-maintained place data. Verify access, facilities and local restrictions."}},{"type":"Feature","id":"osm:node/1165697928","geometry":{"type":"Point","coordinates":[-1.3252578,50.8049985]},"properties":{"name":"Slipway","category":"slipway","facility":"private","sourceName":"OpenStreetMap","sourceFeatureId":"osm:node/1165697928","sourceUrl":"https://www.openstreetmap.org/node/1165697928","sourceUpdated":"2026-08-20T23:29:45Z","licence":"ODbL 1.0","warning":"Community-maintained place data. Verify access, facilities and local restrictions."}},{"type":"Feature","id":"osm:node/12412448186","geometry":{"type":"Point","coordinates":[-1.4008076,50.8741752]},"properties":{"name":"Slipway","category":"slipway","sourceName":"OpenStreetMap","sourceFeatureId":"osm:node/12412448186","sourceUrl":"https://www.openstreetmap.org/node/12412448186","sourceUpdated":"2026-08-20T23:29:45Z","licence":"ODbL 1.0","warning":"Community-maintained place data. Verify access, facilities and local restrictions."}},{"type":"Feature","id":"osm:node/12552656018","geometry":{"type":"Point","coordinates":[-0.9892753,50.8590967]},"properties":{"name":"Slipway","category":"slipway","sourceName":"OpenStreetMap","sourceFeatureId":"osm:node/12552656018","sourceUrl":"https://www.openstreetmap.org/node/12552656018","sourceUpdated":"2026-08-20T23:29:45Z","licence":"ODbL 1.0","warning":"Community-maintained place data. Verify access, facilities and local restrictions."}},{"type":"Feature","id":"osm:node/12711438","geometry":{"type":"Point","coordinates":[-1.0721198,50.688823]},"properties":{"name":"Slipway","category":"slipway","sourceName":"OpenStreetMap","sourceFeatureId":"osm:node/12711438","sourceUrl":"https://www.openstreetmap.org/node/12711438","sourceUpdated":"2026-08-20T23:29:45Z","licence":"ODbL 1.0","warning":"Community-maintained place data. Verify access, facilities and local restrictions."}},{"type":"Feature","id":"osm:node/12966071698","geometry":{"type":"Point","coordinates":[-1.1000551,50.6952406]},"properties":{"name":"Slipway","category":"slipway","sourceName":"OpenStreetMap","sourceFeatureId":"osm:node/12966071698","sourceUrl":"https://www.openstreetmap.org/node/12966071698","sourceUpdated":"2026-08-20T23:29:45Z","licence":"ODbL 1.0","warning":"Community-maintained place data. Verify access, facilities and local restrictions."}},{"type":"Feature","id":"osm:node/1299698612","geometry":{"type":"Point","coordinates":[-1.1638845,50.7328899]},"properties":{"name":"Slipway","category":"slipway","sourceName":"OpenStreetMap","sourceFeatureId":"osm:node/1299698612","sourceUrl":"https://www.openstreetmap.org/node/1299698612","sourceUpdated":"2026-08-20T23:29:45Z","licence":"ODbL 1.0","warning":"Community-maintained place data. Verify access, facilities and local restrictions."}},{"type":"Feature","id":"osm:node/1300034399","geometry":{"type":"Point","coordinates":[-1.1009209,50.8419014]},"properties":{"name":"Slipway","category":"slipway","sourceName":"OpenStreetMap","sourceFeatureId":"osm:node/1300034399","sourceUrl":"https://www.openstreetmap.org/node/1300034399","sourceUpdated":"2026-08-20T23:29:45Z","licence":"ODbL 1.0","warning":"Community-maintained place data. Verify access, facilities and local restrictions."}},{"type":"Feature","id":"osm:node/1323926547","geometry":{"type":"Point","coordinates":[-1.2879901,50.5766488]},"properties":{"name":"Slipway","category":"slipway","sourceName":"OpenStreetMap","sourceFeatureId":"osm:node/1323926547","sourceUrl":"https://www.openstreetmap.org/node/1323926547","sourceUpdated":"2026-08-20T23:29:45Z","licence":"ODbL 1.0","warning":"Community-maintained place data. Verify access, facilities and local restrictions."}},{"type":"Feature","id":"osm:node/13282196275","geometry":{"type":"Point","coordinates":[-1.5376706,50.7443294]},"properties":{"name":"Slipway","category":"slipway","sourceName":"OpenStreetMap","sourceFeatureId":"osm:node/13282196275","sourceUrl":"https://www.openstreetmap.org/node/13282196275","sourceUpdated":"2026-08-20T23:29:45Z","licence":"ODbL 1.0","warning":"Community-maintained place data. Verify access, facilities and local restrictions."}},{"type":"Feature","id":"osm:node/13688442","geometry":{"type":"Point","coordinates":[-1.0715953,50.6827285]},"properties":{"name":"Slipway","category":"slipway","sourceName":"OpenStreetMap","sourceFeatureId":"osm:node/13688442","sourceUrl":"https://www.openstreetmap.org/node/13688442","sourceUpdated":"2026-08-20T23:29:45Z","licence":"ODbL 1.0","warning":"Community-maintained place data. Verify access, facilities and local restrictions."}},{"type":"Feature","id":"osm:node/13713203","geometry":{"type":"Point","coordinates":[-1.3087439,50.820188]},"properties":{"name":"Slipway","category":"slipway","sourceName":"OpenStreetMap","sourceFeatureId":"osm:node/13713203","sourceUrl":"https://www.openstreetmap.org/node/13713203","sourceUpdated":"2026-08-20T23:29:45Z","licence":"ODbL 1.0","warning":"Community-maintained place data. Verify access, facilities and local restrictions."}},{"type":"Feature","id":"osm:node/13861370","geometry":{"type":"Point","coordinates":[-1.2258296,50.7248241]},"properties":{"name":"Slipway","category":"slipway","sourceName":"OpenStreetMap","sourceFeatureId":"osm:node/13861370","sourceUrl":"https://www.openstreetmap.org/node/13861370","sourceUpdated":"2026-08-20T23:29:45Z","licence":"ODbL 1.0","warning":"Community-maintained place data. Verify access, facilities and local restrictions."}},{"type":"Feature","id":"osm:node/14070819197","geometry":{"type":"Point","coordinates":[-1.1185965,50.723024]},"properties":{"name":"Slipway","category":"slipway","sourceName":"OpenStreetMap","sourceFeatureId":"osm:node/14070819197","sourceUrl":"https://www.openstreetmap.org/node/14070819197","sourceUpdated":"2026-08-20T23:29:45Z","licence":"ODbL 1.0","warning":"Community-maintained place data. Verify access, facilities and local restrictions."}},{"type":"Feature","id":"osm:node/1631199464","geometry":{"type":"Point","coordinates":[-1.5044255,50.7015234]},"properties":{"name":"Slipway","category":"slipway","sourceName":"OpenStreetMap","sourceFeatureId":"osm:node/1631199464","sourceUrl":"https://www.openstreetmap.org/node/1631199464","sourceUpdated":"2026-08-20T23:29:45Z","licence":"ODbL 1.0","warning":"Community-maintained place data. Verify access, facilities and local restrictions."}},{"type":"Feature","id":"osm:node/1631497951","geometry":{"type":"Point","coordinates":[-1.5047984,50.7046796]},"properties":{"name":"Slipway","category":"slipway","sourceName":"OpenStreetMap","sourceFeatureId":"osm:node/1631497951","sourceUrl":"https://www.openstreetmap.org/node/1631497951","sourceUpdated":"2026-08-20T23:29:45Z","licence":"ODbL 1.0","warning":"Community-maintained place data. Verify access, facilities and local restrictions."}},{"type":"Feature","id":"osm:node/1631497956","geometry":{"type":"Point","coordinates":[-1.5014393,50.7034912]},"properties":{"name":"Slipway","category":"slipway","sourceName":"OpenStreetMap","sourceFeatureId":"osm:node/1631497956","sourceUrl":"https://www.openstreetmap.org/node/1631497956","sourceUpdated":"2026-08-20T23:29:45Z","licence":"ODbL 1.0","warning":"Community-maintained place data. Verify access, facilities and local restrictions."}},{"type":"Feature","id":"osm:node/1631498022","geometry":{"type":"Point","coordinates":[-1.5012288,50.7057374]},"properties":{"name":"Slipway","category":"slipway","sourceName":"OpenStreetMap","sourceFeatureId":"osm:node/1631498022","sourceUrl":"https://www.openstreetmap.org/node/1631498022","sourceUpdated":"2026-08-20T23:29:45Z","licence":"ODbL 1.0","warning":"Community-maintained place data. Verify access, facilities and local restrictions."}},{"type":"Feature","id":"osm:node/1632950889","geometry":{"type":"Point","coordinates":[-1.3247394,50.7606131]},"properties":{"name":"Slipway","category":"slipway","sourceName":"OpenStreetMap","sourceFeatureId":"osm:node/1632950889","sourceUrl":"https://www.openstreetmap.org/node/1632950889","sourceUpdated":"2026-08-20T23:29:45Z","licence":"ODbL 1.0","warning":"Community-maintained place data. Verify access, facilities and local restrictions."}},{"type":"Feature","id":"osm:node/1633753059","geometry":{"type":"Point","coordinates":[-1.4140546,50.7120254]},"properties":{"name":"Slipway","category":"slipway","sourceName":"OpenStreetMap","sourceFeatureId":"osm:node/1633753059","sourceUrl":"https://www.openstreetmap.org/node/1633753059","sourceUpdated":"2026-08-20T23:29:45Z","licence":"ODbL 1.0","warning":"Community-maintained place data. Verify access, facilities and local restrictions."}},{"type":"Feature","id":"osm:node/1633799462","geometry":{"type":"Point","coordinates":[-1.3251359,50.7605447]},"properties":{"name":"Slipway","category":"slipway","sourceName":"OpenStreetMap","sourceFeatureId":"osm:node/1633799462","sourceUrl":"https://www.openstreetmap.org/node/1633799462","sourceUpdated":"2026-08-20T23:29:45Z","licence":"ODbL 1.0","warning":"Community-maintained place data. Verify access, facilities and local restrictions."}},{"type":"Feature","id":"osm:node/1640671495","geometry":{"type":"Point","coordinates":[-1.4038448,50.8955211]},"properties":{"name":"Slipway","category":"slipway","sourceName":"OpenStreetMap","sourceFeatureId":"osm:node/1640671495","sourceUrl":"https://www.openstreetmap.org/node/1640671495","sourceUpdated":"2026-08-20T23:29:45Z","licence":"ODbL 1.0","warning":"Community-maintained place data. Verify access, facilities and local restrictions."}},{"type":"Feature","id":"osm:node/1648804916","geometry":{"type":"Point","coordinates":[-1.312337,50.852136]},"properties":{"name":"Slipway","category":"slipway","sourceName":"OpenStreetMap","sourceFeatureId":"osm:node/1648804916","sourceUrl":"https://www.openstreetmap.org/node/1648804916","sourceUpdated":"2026-08-20T23:29:45Z","licence":"ODbL 1.0","warning":"Community-maintained place data. Verify access, facilities and local restrictions."}},{"type":"Feature","id":"osm:node/1757187323","geometry":{"type":"Point","coordinates":[-1.3805263,50.9337842]},"properties":{"name":"Slipway","category":"slipway","sourceName":"OpenStreetMap","sourceFeatureId":"osm:node/1757187323","sourceUrl":"https://www.openstreetmap.org/node/1757187323","sourceUpdated":"2026-08-20T23:29:45Z","licence":"ODbL 1.0","warning":"Community-maintained place data. Verify access, facilities and local restrictions."}},{"type":"Feature","id":"osm:node/1757187339","geometry":{"type":"Point","coordinates":[-1.3801503,50.934118]},"properties":{"name":"Slipway","category":"slipway","sourceName":"OpenStreetMap","sourceFeatureId":"osm:node/1757187339","sourceUrl":"https://www.openstreetmap.org/node/1757187339","sourceUpdated":"2026-08-20T23:29:45Z","licence":"ODbL 1.0","warning":"Community-maintained place data. Verify access, facilities and local restrictions."}},{"type":"Feature","id":"osm:node/1770873048","geometry":{"type":"Point","coordinates":[-1.2901026,50.7587992]},"properties":{"name":"Slipway","category":"slipway","sourceName":"OpenStreetMap","sourceFeatureId":"osm:node/1770873048","sourceUrl":"https://www.openstreetmap.org/node/1770873048","sourceUpdated":"2026-08-20T23:29:45Z","licence":"ODbL 1.0","warning":"Community-maintained place data. Verify access, facilities and local restrictions."}},{"type":"Feature","id":"osm:node/1815060300","geometry":{"type":"Point","coordinates":[-1.1578274,50.651394]},"properties":{"name":"Slipway","category":"slipway","sourceName":"OpenStreetMap","sourceFeatureId":"osm:node/1815060300","sourceUrl":"https://www.openstreetmap.org/node/1815060300","sourceUpdated":"2026-08-20T23:29:45Z","licence":"ODbL 1.0","warning":"Community-maintained place data. Verify access, facilities and local restrictions."}},{"type":"Feature","id":"osm:node/1815060301","geometry":{"type":"Point","coordinates":[-1.159477,50.6502197]},"properties":{"name":"Slipway","category":"slipway","sourceName":"OpenStreetMap","sourceFeatureId":"osm:node/1815060301","sourceUrl":"https://www.openstreetmap.org/node/1815060301","sourceUpdated":"2026-08-20T23:29:45Z","licence":"ODbL 1.0","warning":"Community-maintained place data. Verify access, facilities and local restrictions."}},{"type":"Feature","id":"osm:node/1935019286","geometry":{"type":"Point","coordinates":[-1.3530116,50.8705821]},"properties":{"name":"Slipway","category":"slipway","sourceName":"OpenStreetMap","sourceFeatureId":"osm:node/1935019286","sourceUrl":"https://www.openstreetmap.org/node/1935019286","sourceUpdated":"2026-08-20T23:29:45Z","licence":"ODbL 1.0","warning":"Community-maintained place data. Verify access, facilities and local restrictions."}},{"type":"Feature","id":"osm:node/2140113885","geometry":{"type":"Point","coordinates":[-1.779662,50.72996]},"properties":{"name":"Slipway","category":"slipway","sourceName":"OpenStreetMap","sourceFeatureId":"osm:node/2140113885","sourceUrl":"https://www.openstreetmap.org/node/2140113885","sourceUpdated":"2026-08-20T23:29:45Z","licence":"ODbL 1.0","warning":"Community-maintained place data. Verify access, facilities and local restrictions."}},{"type":"Feature","id":"osm:node/2258091590","geometry":{"type":"Point","coordinates":[-1.2975891,50.8809204]},"properties":{"name":"Slipway","category":"slipway","sourceName":"OpenStreetMap","sourceFeatureId":"osm:node/2258091590","sourceUrl":"https://www.openstreetmap.org/node/2258091590","sourceUpdated":"2026-08-20T23:29:45Z","licence":"ODbL 1.0","warning":"Community-maintained place data. Verify access, facilities and local restrictions."}},{"type":"Feature","id":"osm:node/2258278869","geometry":{"type":"Point","coordinates":[-1.2237105,50.8131283]},"properties":{"name":"Slipway","category":"slipway","sourceName":"OpenStreetMap","sourceFeatureId":"osm:node/2258278869","sourceUrl":"https://www.openstreetmap.org/node/2258278869","sourceUpdated":"2026-08-20T23:29:45Z","licence":"ODbL 1.0","warning":"Community-maintained place data. Verify access, facilities and local restrictions."}},{"type":"Feature","id":"osm:node/2262899244","geometry":{"type":"Point","coordinates":[-1.5661228,50.7219489]},"properties":{"name":"Slipway","category":"slipway","sourceName":"OpenStreetMap","sourceFeatureId":"osm:node/2262899244","sourceUrl":"https://www.openstreetmap.org/node/2262899244","sourceUpdated":"2026-08-20T23:29:45Z","licence":"ODbL 1.0","warning":"Community-maintained place data. Verify access, facilities and local restrictions."}},{"type":"Feature","id":"osm:node/2294177719","geometry":{"type":"Point","coordinates":[-1.3831363,50.9135652]},"properties":{"name":"Slipway","category":"slipway","sourceName":"OpenStreetMap","sourceFeatureId":"osm:node/2294177719","sourceUrl":"https://www.openstreetmap.org/node/2294177719","sourceUpdated":"2026-08-20T23:29:45Z","licence":"ODbL 1.0","warning":"Community-maintained place data. Verify access, facilities and local restrictions."}},{"type":"Feature","id":"osm:node/2368189161","geometry":{"type":"Point","coordinates":[-1.529048,50.7504603]},"properties":{"name":"Slipway","category":"slipway","sourceName":"OpenStreetMap","sourceFeatureId":"osm:node/2368189161","sourceUrl":"https://www.openstreetmap.org/node/2368189161","sourceUpdated":"2026-08-20T23:29:45Z","licence":"ODbL 1.0","warning":"Community-maintained place data. Verify access, facilities and local restrictions."}},{"type":"Feature","id":"osm:node/2368193918","geometry":{"type":"Point","coordinates":[-1.5366897,50.7588589]},"properties":{"name":"Slipway","category":"slipway","sourceName":"OpenStreetMap","sourceFeatureId":"osm:node/2368193918","sourceUrl":"https://www.openstreetmap.org/node/2368193918","sourceUpdated":"2026-08-20T23:29:45Z","licence":"ODbL 1.0","warning":"Community-maintained place data. Verify access, facilities and local restrictions."}},{"type":"Feature","id":"osm:node/245432067","geometry":{"type":"Point","coordinates":[-1.3830567,50.8980481]},"properties":{"name":"Slipway","category":"slipway","sourceName":"OpenStreetMap","sourceFeatureId":"osm:node/245432067","sourceUrl":"https://www.openstreetmap.org/node/245432067","sourceUpdated":"2026-08-20T23:29:45Z","licence":"ODbL 1.0","warning":"Community-maintained place data. Verify access, facilities and local restrictions."}},{"type":"Feature","id":"osm:node/2475029942","geometry":{"type":"Point","coordinates":[-1.1152221,50.8455554]},"properties":{"name":"Slipway","category":"slipway","facility":"private","sourceName":"OpenStreetMap","sourceFeatureId":"osm:node/2475029942","sourceUrl":"https://www.openstreetmap.org/node/2475029942","sourceUpdated":"2026-08-20T23:29:45Z","licence":"ODbL 1.0","warning":"Community-maintained place data. Verify access, facilities and local restrictions."}},{"type":"Feature","id":"osm:node/252026125","geometry":{"type":"Point","coordinates":[-1.2063825,50.5930589]},"properties":{"name":"Slipway","category":"slipway","sourceName":"OpenStreetMap","sourceFeatureId":"osm:node/252026125","sourceUrl":"https://www.openstreetmap.org/node/252026125","sourceUpdated":"2026-08-20T23:29:45Z","licence":"ODbL 1.0","warning":"Community-maintained place data. Verify access, facilities and local restrictions."}},{"type":"Feature","id":"osm:node/2524121939","geometry":{"type":"Point","coordinates":[-1.5102878,50.6699562]},"properties":{"name":"Slipway","category":"slipway","sourceName":"OpenStreetMap","sourceFeatureId":"osm:node/2524121939","sourceUrl":"https://www.openstreetmap.org/node/2524121939","sourceUpdated":"2026-08-20T23:29:45Z","licence":"ODbL 1.0","warning":"Community-maintained place data. Verify access, facilities and local restrictions."}},{"type":"Feature","id":"osm:node/253866248","geometry":{"type":"Point","coordinates":[-1.2227864,50.58839]},"properties":{"name":"Slipway","category":"slipway","sourceName":"OpenStreetMap","sourceFeatureId":"osm:node/253866248","sourceUrl":"https://www.openstreetmap.org/node/253866248","sourceUpdated":"2026-08-20T23:29:45Z","licence":"ODbL 1.0","warning":"Community-maintained place data. Verify access, facilities and local restrictions."}},{"type":"Feature","id":"osm:node/2981720778","geometry":{"type":"Point","coordinates":[-1.3635146,50.8791351]},"properties":{"name":"Slipway","category":"slipway","facility":"private","sourceName":"OpenStreetMap","sourceFeatureId":"osm:node/2981720778","sourceUrl":"https://www.openstreetmap.org/node/2981720778","sourceUpdated":"2026-08-20T23:29:45Z","licence":"ODbL 1.0","warning":"Community-maintained place data. Verify access, facilities and local restrictions."}},{"type":"Feature","id":"osm:node/304234773","geometry":{"type":"Point","coordinates":[-1.3063238,50.8521809]},"properties":{"name":"Slipway","category":"slipway","sourceName":"OpenStreetMap","sourceFeatureId":"osm:node/304234773","sourceUrl":"https://www.openstreetmap.org/node/304234773","sourceUpdated":"2026-08-20T23:29:45Z","licence":"ODbL 1.0","warning":"Community-maintained place data. Verify access, facilities and local restrictions."}},{"type":"Feature","id":"osm:node/3103964905","geometry":{"type":"Point","coordinates":[-1.0910394,50.8167425]},"properties":{"name":"Slipway","category":"slipway","sourceName":"OpenStreetMap","sourceFeatureId":"osm:node/3103964905","sourceUrl":"https://www.openstreetmap.org/node/3103964905","sourceUpdated":"2026-08-20T23:29:45Z","licence":"ODbL 1.0","warning":"Community-maintained place data. Verify access, facilities and local restrictions."}},{"type":"Feature","id":"osm:node/3106789379","geometry":{"type":"Point","coordinates":[-1.1561254,50.7331356]},"properties":{"name":"Slipway","category":"slipway","sourceName":"OpenStreetMap","sourceFeatureId":"osm:node/3106789379","sourceUrl":"https://www.openstreetmap.org/node/3106789379","sourceUpdated":"2026-08-20T23:29:45Z","licence":"ODbL 1.0","warning":"Community-maintained place data. Verify access, facilities and local restrictions."}},{"type":"Feature","id":"osm:node/311176688","geometry":{"type":"Point","coordinates":[-1.1061362,50.7139868]},"properties":{"name":"Slipway","category":"slipway","sourceName":"OpenStreetMap","sourceFeatureId":"osm:node/311176688","sourceUrl":"https://www.openstreetmap.org/node/311176688","sourceUpdated":"2026-08-20T23:29:45Z","licence":"ODbL 1.0","warning":"Community-maintained place data. Verify access, facilities and local restrictions."}},{"type":"Feature","id":"osm:node/3188402149","geometry":{"type":"Point","coordinates":[-1.1051947,50.7130732]},"properties":{"name":"Slipway","category":"slipway","sourceName":"OpenStreetMap","sourceFeatureId":"osm:node/3188402149","sourceUrl":"https://www.openstreetmap.org/node/3188402149","sourceUpdated":"2026-08-20T23:29:45Z","licence":"ODbL 1.0","warning":"Community-maintained place data. Verify access, facilities and local restrictions."}},{"type":"Feature","id":"osm:node/3193476727","geometry":{"type":"Point","coordinates":[-1.2906817,50.7048415]},"properties":{"name":"Slipway","category":"slipway","sourceName":"OpenStreetMap","sourceFeatureId":"osm:node/3193476727","sourceUrl":"https://www.openstreetmap.org/node/3193476727","sourceUpdated":"2026-08-20T23:29:45Z","licence":"ODbL 1.0","warning":"Community-maintained place data. Verify access, facilities and local restrictions."}},{"type":"Feature","id":"osm:node/322604800","geometry":{"type":"Point","coordinates":[-1.2429456,50.8177937]},"properties":{"name":"Slipway","category":"slipway","sourceName":"OpenStreetMap","sourceFeatureId":"osm:node/322604800","sourceUrl":"https://www.openstreetmap.org/node/322604800","sourceUpdated":"2026-08-20T23:29:45Z","licence":"ODbL 1.0","warning":"Community-maintained place data. Verify access, facilities and local restrictions."}},{"type":"Feature","id":"osm:node/322604987","geometry":{"type":"Point","coordinates":[-1.1546776,50.7816591]},"properties":{"name":"Slipway","category":"slipway","facility":"private","sourceName":"OpenStreetMap","sourceFeatureId":"osm:node/322604987","sourceUrl":"https://www.openstreetmap.org/node/322604987","sourceUpdated":"2026-08-20T23:29:45Z","licence":"ODbL 1.0","warning":"Community-maintained place data. Verify access, facilities and local restrictions."}},{"type":"Feature","id":"osm:node/322605062","geometry":{"type":"Point","coordinates":[-1.1496136,50.7783855]},"properties":{"name":"Slipway","category":"slipway","facility":"yes","sourceName":"OpenStreetMap","sourceFeatureId":"osm:node/322605062","sourceUrl":"https://www.openstreetmap.org/node/322605062","sourceUpdated":"2026-08-20T23:29:45Z","licence":"ODbL 1.0","warning":"Community-maintained place data. Verify access, facilities and local restrictions."}},{"type":"Feature","id":"osm:node/323179466","geometry":{"type":"Point","coordinates":[-1.1392808,50.7852034]},"properties":{"name":"Slipway","category":"slipway","sourceName":"OpenStreetMap","sourceFeatureId":"osm:node/323179466","sourceUrl":"https://www.openstreetmap.org/node/323179466","sourceUpdated":"2026-08-20T23:29:45Z","licence":"ODbL 1.0","warning":"Community-maintained place data. Verify access, facilities and local restrictions."}},{"type":"Feature","id":"osm:node/337383456","geometry":{"type":"Point","coordinates":[-1.2111019,50.7346081]},"properties":{"name":"Slipway","category":"slipway","sourceName":"OpenStreetMap","sourceFeatureId":"osm:node/337383456","sourceUrl":"https://www.openstreetmap.org/node/337383456","sourceUpdated":"2026-08-20T23:29:45Z","licence":"ODbL 1.0","warning":"Community-maintained place data. Verify access, facilities and local restrictions."}},{"type":"Feature","id":"osm:node/35527985","geometry":{"type":"Point","coordinates":[-1.2199158,50.5895058]},"properties":{"name":"Slipway","category":"slipway","sourceName":"OpenStreetMap","sourceFeatureId":"osm:node/35527985","sourceUrl":"https://www.openstreetmap.org/node/35527985","sourceUpdated":"2026-08-20T23:29:45Z","licence":"ODbL 1.0","warning":"Community-maintained place data. Verify access, facilities and local restrictions."}},{"type":"Feature","id":"osm:node/3875382589","geometry":{"type":"Point","coordinates":[-1.2809924,50.7330305]},"properties":{"name":"Slipway","category":"slipway","sourceName":"OpenStreetMap","sourceFeatureId":"osm:node/3875382589","sourceUrl":"https://www.openstreetmap.org/node/3875382589","sourceUpdated":"2026-08-20T23:29:45Z","licence":"ODbL 1.0","warning":"Community-maintained place data. Verify access, facilities and local restrictions."}},{"type":"Feature","id":"osm:node/4040269518","geometry":{"type":"Point","coordinates":[-1.5283035,50.7540078]},"properties":{"name":"Slipway","category":"slipway","facility":"no","sourceName":"OpenStreetMap","sourceFeatureId":"osm:node/4040269518","sourceUrl":"https://www.openstreetmap.org/node/4040269518","sourceUpdated":"2026-08-20T23:29:45Z","licence":"ODbL 1.0","warning":"Community-maintained place data. Verify access, facilities and local restrictions."}},{"type":"Feature","id":"osm:node/4085059225","geometry":{"type":"Point","coordinates":[-1.1692091,50.6362542]},"properties":{"name":"Slipway","category":"slipway","sourceName":"OpenStreetMap","sourceFeatureId":"osm:node/4085059225","sourceUrl":"https://www.openstreetmap.org/node/4085059225","sourceUpdated":"2026-08-20T23:29:45Z","licence":"ODbL 1.0","warning":"Community-maintained place data. Verify access, facilities and local restrictions."}},{"type":"Feature","id":"osm:node/4085059241","geometry":{"type":"Point","coordinates":[-1.1702641,50.6341859]},"properties":{"name":"Slipway","category":"slipway","sourceName":"OpenStreetMap","sourceFeatureId":"osm:node/4085059241","sourceUrl":"https://www.openstreetmap.org/node/4085059241","sourceUpdated":"2026-08-20T23:29:45Z","licence":"ODbL 1.0","warning":"Community-maintained place data. Verify access, facilities and local restrictions."}},{"type":"Feature","id":"osm:node/4092313182","geometry":{"type":"Point","coordinates":[-1.1658073,50.6442715]},"properties":{"name":"Slipway","category":"slipway","sourceName":"OpenStreetMap","sourceFeatureId":"osm:node/4092313182","sourceUrl":"https://www.openstreetmap.org/node/4092313182","sourceUpdated":"2026-08-20T23:29:45Z","licence":"ODbL 1.0","warning":"Community-maintained place data. Verify access, facilities and local restrictions."}},{"type":"Feature","id":"osm:node/4092313480","geometry":{"type":"Point","coordinates":[-1.1668886,50.643114]},"properties":{"name":"Slipway","category":"slipway","sourceName":"OpenStreetMap","sourceFeatureId":"osm:node/4092313480","sourceUrl":"https://www.openstreetmap.org/node/4092313480","sourceUpdated":"2026-08-20T23:29:45Z","licence":"ODbL 1.0","warning":"Community-maintained place data. Verify access, facilities and local restrictions."}},{"type":"Feature","id":"osm:node/4247987633","geometry":{"type":"Point","coordinates":[-1.2980797,50.7642474]},"properties":{"name":"Slipway","category":"slipway","sourceName":"OpenStreetMap","sourceFeatureId":"osm:node/4247987633","sourceUrl":"https://www.openstreetmap.org/node/4247987633","sourceUpdated":"2026-08-20T23:29:45Z","licence":"ODbL 1.0","warning":"Community-maintained place data. Verify access, facilities and local restrictions."}},{"type":"Feature","id":"osm:node/4247987636","geometry":{"type":"Point","coordinates":[-1.2979714,50.7647819]},"properties":{"name":"Slipway","category":"slipway","sourceName":"OpenStreetMap","sourceFeatureId":"osm:node/4247987636","sourceUrl":"https://www.openstreetmap.org/node/4247987636","sourceUpdated":"2026-08-20T23:29:45Z","licence":"ODbL 1.0","warning":"Community-maintained place data. Verify access, facilities and local restrictions."}},{"type":"Feature","id":"osm:node/4247987643","geometry":{"type":"Point","coordinates":[-1.3002986,50.766231]},"properties":{"name":"Slipway","category":"slipway","sourceName":"OpenStreetMap","sourceFeatureId":"osm:node/4247987643","sourceUrl":"https://www.openstreetmap.org/node/4247987643","sourceUpdated":"2026-08-20T23:29:45Z","licence":"ODbL 1.0","warning":"Community-maintained place data. Verify access, facilities and local restrictions."}},{"type":"Feature","id":"osm:node/4247987649","geometry":{"type":"Point","coordinates":[-1.3004662,50.7664013]},"properties":{"name":"Slipway","category":"slipway","sourceName":"OpenStreetMap","sourceFeatureId":"osm:node/4247987649","sourceUrl":"https://www.openstreetmap.org/node/4247987649","sourceUpdated":"2026-08-20T23:29:45Z","licence":"ODbL 1.0","warning":"Community-maintained place data. Verify access, facilities and local restrictions."}},{"type":"Feature","id":"osm:node/4263490092","geometry":{"type":"Point","coordinates":[-1.2772238,50.7246398]},"properties":{"name":"Slipway","category":"slipway","sourceName":"OpenStreetMap","sourceFeatureId":"osm:node/4263490092","sourceUrl":"https://www.openstreetmap.org/node/4263490092","sourceUpdated":"2026-08-20T23:29:45Z","licence":"ODbL 1.0","warning":"Community-maintained place data. Verify access, facilities and local restrictions."}},{"type":"Feature","id":"osm:node/4417560359","geometry":{"type":"Point","coordinates":[-1.0999478,50.6911366]},"properties":{"name":"Slipway","category":"slipway","sourceName":"OpenStreetMap","sourceFeatureId":"osm:node/4417560359","sourceUrl":"https://www.openstreetmap.org/node/4417560359","sourceUpdated":"2026-08-20T23:29:45Z","licence":"ODbL 1.0","warning":"Community-maintained place data. Verify access, facilities and local restrictions."}},{"type":"Feature","id":"osm:node/4417586118","geometry":{"type":"Point","coordinates":[-1.0950391,50.6918772]},"properties":{"name":"Slipway","category":"slipway","sourceName":"OpenStreetMap","sourceFeatureId":"osm:node/4417586118","sourceUrl":"https://www.openstreetmap.org/node/4417586118","sourceUpdated":"2026-08-20T23:29:45Z","licence":"ODbL 1.0","warning":"Community-maintained place data. Verify access, facilities and local restrictions."}},{"type":"Feature","id":"osm:node/4420123156","geometry":{"type":"Point","coordinates":[-1.1436609,50.7285286]},"properties":{"name":"Slipway","category":"slipway","sourceName":"OpenStreetMap","sourceFeatureId":"osm:node/4420123156","sourceUrl":"https://www.openstreetmap.org/node/4420123156","sourceUpdated":"2026-08-20T23:29:45Z","licence":"ODbL 1.0","warning":"Community-maintained place data. Verify access, facilities and local restrictions."}},{"type":"Feature","id":"osm:node/4422344865","geometry":{"type":"Point","coordinates":[-1.1686038,50.6402202]},"properties":{"name":"Slipway","category":"slipway","sourceName":"OpenStreetMap","sourceFeatureId":"osm:node/4422344865","sourceUrl":"https://www.openstreetmap.org/node/4422344865","sourceUpdated":"2026-08-20T23:29:45Z","licence":"ODbL 1.0","warning":"Community-maintained place data. Verify access, facilities and local restrictions."}},{"type":"Feature","id":"osm:node/4422344866","geometry":{"type":"Point","coordinates":[-1.1628893,50.6473546]},"properties":{"name":"Slipway","category":"slipway","sourceName":"OpenStreetMap","sourceFeatureId":"osm:node/4422344866","sourceUrl":"https://www.openstreetmap.org/node/4422344866","sourceUpdated":"2026-08-20T23:29:45Z","licence":"ODbL 1.0","warning":"Community-maintained place data. Verify access, facilities and local restrictions."}},{"type":"Feature","id":"osm:node/4424989236","geometry":{"type":"Point","coordinates":[-1.2246155,50.728796]},"properties":{"name":"Slipway","category":"slipway","sourceName":"OpenStreetMap","sourceFeatureId":"osm:node/4424989236","sourceUrl":"https://www.openstreetmap.org/node/4424989236","sourceUpdated":"2026-08-20T23:29:45Z","licence":"ODbL 1.0","warning":"Community-maintained place data. Verify access, facilities and local restrictions."}},{"type":"Feature","id":"osm:node/4424994560","geometry":{"type":"Point","coordinates":[-1.2163946,50.7358568]},"properties":{"name":"Slipway","category":"slipway","sourceName":"OpenStreetMap","sourceFeatureId":"osm:node/4424994560","sourceUrl":"https://www.openstreetmap.org/node/4424994560","sourceUpdated":"2026-08-20T23:29:45Z","licence":"ODbL 1.0","warning":"Community-maintained place data. Verify access, facilities and local restrictions."}},{"type":"Feature","id":"osm:node/4440637454","geometry":{"type":"Point","coordinates":[-1.0990247,50.6945851]},"properties":{"name":"Slipway","category":"slipway","sourceName":"OpenStreetMap","sourceFeatureId":"osm:node/4440637454","sourceUrl":"https://www.openstreetmap.org/node/4440637454","sourceUpdated":"2026-08-20T23:29:45Z","licence":"ODbL 1.0","warning":"Community-maintained place data. Verify access, facilities and local restrictions."}},{"type":"Feature","id":"osm:node/4440639593","geometry":{"type":"Point","coordinates":[-1.099503,50.6950613]},"properties":{"name":"Slipway","category":"slipway","sourceName":"OpenStreetMap","sourceFeatureId":"osm:node/4440639593","sourceUrl":"https://www.openstreetmap.org/node/4440639593","sourceUpdated":"2026-08-20T23:29:45Z","licence":"ODbL 1.0","warning":"Community-maintained place data. Verify access, facilities and local restrictions."}},{"type":"Feature","id":"osm:node/4440639594","geometry":{"type":"Point","coordinates":[-1.0999314,50.6951503]},"properties":{"name":"Slipway","category":"slipway","sourceName":"OpenStreetMap","sourceFeatureId":"osm:node/4440639594","sourceUrl":"https://www.openstreetmap.org/node/4440639594","sourceUpdated":"2026-08-20T23:29:45Z","licence":"ODbL 1.0","warning":"Community-maintained place data. Verify access, facilities and local restrictions."}},{"type":"Feature","id":"osm:node/4629494319","geometry":{"type":"Point","coordinates":[-1.173147,50.6269922]},"properties":{"name":"Slipway","category":"slipway","sourceName":"OpenStreetMap","sourceFeatureId":"osm:node/4629494319","sourceUrl":"https://www.openstreetmap.org/node/4629494319","sourceUpdated":"2026-08-20T23:29:45Z","licence":"ODbL 1.0","warning":"Community-maintained place data. Verify access, facilities and local restrictions."}},{"type":"Feature","id":"osm:node/4632326564","geometry":{"type":"Point","coordinates":[-1.2928249,50.7589622]},"properties":{"name":"Slipway","category":"slipway","sourceName":"OpenStreetMap","sourceFeatureId":"osm:node/4632326564","sourceUrl":"https://www.openstreetmap.org/node/4632326564","sourceUpdated":"2026-08-20T23:29:45Z","licence":"ODbL 1.0","warning":"Community-maintained place data. Verify access, facilities and local restrictions."}},{"type":"Feature","id":"osm:node/4634421275","geometry":{"type":"Point","coordinates":[-1.2978197,50.7649018]},"properties":{"name":"Slipway","category":"slipway","sourceName":"OpenStreetMap","sourceFeatureId":"osm:node/4634421275","sourceUrl":"https://www.openstreetmap.org/node/4634421275","sourceUpdated":"2026-08-20T23:29:45Z","licence":"ODbL 1.0","warning":"Community-maintained place data. Verify access, facilities and local restrictions."}},{"type":"Feature","id":"osm:node/4635339239","geometry":{"type":"Point","coordinates":[-1.2976075,50.764761]},"properties":{"name":"Slipway","category":"slipway","sourceName":"OpenStreetMap","sourceFeatureId":"osm:node/4635339239","sourceUrl":"https://www.openstreetmap.org/node/4635339239","sourceUpdated":"2026-08-20T23:29:45Z","licence":"ODbL 1.0","warning":"Community-maintained place data. Verify access, facilities and local restrictions."}},{"type":"Feature","id":"osm:node/4640186599","geometry":{"type":"Point","coordinates":[-1.4989514,50.7068141]},"properties":{"name":"Slipway","category":"slipway","sourceName":"OpenStreetMap","sourceFeatureId":"osm:node/4640186599","sourceUrl":"https://www.openstreetmap.org/node/4640186599","sourceUpdated":"2026-08-20T23:29:45Z","licence":"ODbL 1.0","warning":"Community-maintained place data. Verify access, facilities and local restrictions."}},{"type":"Feature","id":"osm:node/4648151603","geometry":{"type":"Point","coordinates":[-1.1550713,50.7321715]},"properties":{"name":"Slipway","category":"slipway","sourceName":"OpenStreetMap","sourceFeatureId":"osm:node/4648151603","sourceUrl":"https://www.openstreetmap.org/node/4648151603","sourceUpdated":"2026-08-20T23:29:45Z","licence":"ODbL 1.0","warning":"Community-maintained place data. Verify access, facilities and local restrictions."}},{"type":"Feature","id":"osm:node/4652696226","geometry":{"type":"Point","coordinates":[-0.8739397,50.8179822]},"properties":{"name":"Slipway","category":"slipway","sourceName":"OpenStreetMap","sourceFeatureId":"osm:node/4652696226","sourceUrl":"https://www.openstreetmap.org/node/4652696226","sourceUpdated":"2026-08-20T23:29:45Z","licence":"ODbL 1.0","warning":"Community-maintained place data. Verify access, facilities and local restrictions."}},{"type":"Feature","id":"osm:node/4652696228","geometry":{"type":"Point","coordinates":[-0.8741303,50.8171292]},"properties":{"name":"Slipway","category":"slipway","sourceName":"OpenStreetMap","sourceFeatureId":"osm:node/4652696228","sourceUrl":"https://www.openstreetmap.org/node/4652696228","sourceUpdated":"2026-08-20T23:29:45Z","licence":"ODbL 1.0","warning":"Community-maintained place data. Verify access, facilities and local restrictions."}},{"type":"Feature","id":"osm:node/4652717208","geometry":{"type":"Point","coordinates":[-0.8648445,50.8064951]},"properties":{"name":"Slipway","category":"slipway","sourceName":"OpenStreetMap","sourceFeatureId":"osm:node/4652717208","sourceUrl":"https://www.openstreetmap.org/node/4652717208","sourceUpdated":"2026-08-20T23:29:45Z","licence":"ODbL 1.0","warning":"Community-maintained place data. Verify access, facilities and local restrictions."}},{"type":"Feature","id":"osm:node/4652717243","geometry":{"type":"Point","coordinates":[-0.8691651,50.8076494]},"properties":{"name":"Slipway","category":"slipway","sourceName":"OpenStreetMap","sourceFeatureId":"osm:node/4652717243","sourceUrl":"https://www.openstreetmap.org/node/4652717243","sourceUpdated":"2026-08-20T23:29:45Z","licence":"ODbL 1.0","warning":"Community-maintained place data. Verify access, facilities and local restrictions."}},{"type":"Feature","id":"osm:node/4652717246","geometry":{"type":"Point","coordinates":[-0.868474,50.8087329]},"properties":{"name":"Slipway","category":"slipway","sourceName":"OpenStreetMap","sourceFeatureId":"osm:node/4652717246","sourceUrl":"https://www.openstreetmap.org/node/4652717246","sourceUpdated":"2026-08-20T23:29:45Z","licence":"ODbL 1.0","warning":"Community-maintained place data. Verify access, facilities and local restrictions."}},{"type":"Feature","id":"osm:node/4657109609","geometry":{"type":"Point","coordinates":[-1.5027833,50.7045335]},"properties":{"name":"Slipway","category":"slipway","sourceName":"OpenStreetMap","sourceFeatureId":"osm:node/4657109609","sourceUrl":"https://www.openstreetmap.org/node/4657109609","sourceUpdated":"2026-08-20T23:29:45Z","licence":"ODbL 1.0","warning":"Community-maintained place data. Verify access, facilities and local restrictions."}},{"type":"Feature","id":"osm:node/4674870305","geometry":{"type":"Point","coordinates":[-1.0963302,50.67074]},"properties":{"name":"Slipway","category":"slipway","sourceName":"OpenStreetMap","sourceFeatureId":"osm:node/4674870305","sourceUrl":"https://www.openstreetmap.org/node/4674870305","sourceUpdated":"2026-08-20T23:29:45Z","licence":"ODbL 1.0","warning":"Community-maintained place data. Verify access, facilities and local restrictions."}},{"type":"Feature","id":"osm:node/4685350091","geometry":{"type":"Point","coordinates":[-1.2917483,50.7048801]},"properties":{"name":"Slipway","category":"slipway","sourceName":"OpenStreetMap","sourceFeatureId":"osm:node/4685350091","sourceUrl":"https://www.openstreetmap.org/node/4685350091","sourceUpdated":"2026-08-20T23:29:45Z","licence":"ODbL 1.0","warning":"Community-maintained place data. Verify access, facilities and local restrictions."}},{"type":"Feature","id":"osm:node/4792947175","geometry":{"type":"Point","coordinates":[-1.1027258,50.846103]},"properties":{"name":"Slipway","category":"slipway","sourceName":"OpenStreetMap","sourceFeatureId":"osm:node/4792947175","sourceUrl":"https://www.openstreetmap.org/node/4792947175","sourceUpdated":"2026-08-20T23:29:45Z","licence":"ODbL 1.0","warning":"Community-maintained place data. Verify access, facilities and local restrictions."}},{"type":"Feature","id":"osm:node/4793757963","geometry":{"type":"Point","coordinates":[-1.1787677,50.8476959]},"properties":{"name":"Slipway","category":"slipway","sourceName":"OpenStreetMap","sourceFeatureId":"osm:node/4793757963","sourceUrl":"https://www.openstreetmap.org/node/4793757963","sourceUpdated":"2026-08-20T23:29:45Z","licence":"ODbL 1.0","warning":"Community-maintained place data. Verify access, facilities and local restrictions."}},{"type":"Feature","id":"osm:node/4798701170","geometry":{"type":"Point","coordinates":[-1.1578995,50.838555]},"properties":{"name":"Slipway","category":"slipway","sourceName":"OpenStreetMap","sourceFeatureId":"osm:node/4798701170","sourceUrl":"https://www.openstreetmap.org/node/4798701170","sourceUpdated":"2026-08-20T23:29:45Z","licence":"ODbL 1.0","warning":"Community-maintained place data. Verify access, facilities and local restrictions."}},{"type":"Feature","id":"osm:node/4874404706","geometry":{"type":"Point","coordinates":[-1.1202196,50.7882654]},"properties":{"name":"Slipway","category":"slipway","sourceName":"OpenStreetMap","sourceFeatureId":"osm:node/4874404706","sourceUrl":"https://www.openstreetmap.org/node/4874404706","sourceUpdated":"2026-08-20T23:29:45Z","licence":"ODbL 1.0","warning":"Community-maintained place data. Verify access, facilities and local restrictions."}},{"type":"Feature","id":"osm:node/4899139111","geometry":{"type":"Point","coordinates":[-1.2238589,50.5887035]},"properties":{"name":"Slipway","category":"slipway","sourceName":"OpenStreetMap","sourceFeatureId":"osm:node/4899139111","sourceUrl":"https://www.openstreetmap.org/node/4899139111","sourceUpdated":"2026-08-20T23:29:45Z","licence":"ODbL 1.0","warning":"Community-maintained place data. Verify access, facilities and local restrictions."}},{"type":"Feature","id":"osm:node/4899139117","geometry":{"type":"Point","coordinates":[-1.223334,50.588738]},"properties":{"name":"Slipway","category":"slipway","sourceName":"OpenStreetMap","sourceFeatureId":"osm:node/4899139117","sourceUrl":"https://www.openstreetmap.org/node/4899139117","sourceUpdated":"2026-08-20T23:29:45Z","licence":"ODbL 1.0","warning":"Community-maintained place data. Verify access, facilities and local restrictions."}},{"type":"Feature","id":"osm:node/4909198354","geometry":{"type":"Point","coordinates":[-1.10062,50.6917385]},"properties":{"name":"Slipway","category":"slipway","facility":"private","sourceName":"OpenStreetMap","sourceFeatureId":"osm:node/4909198354","sourceUrl":"https://www.openstreetmap.org/node/4909198354","sourceUpdated":"2026-08-20T23:29:45Z","licence":"ODbL 1.0","warning":"Community-maintained place data. Verify access, facilities and local restrictions."}},{"type":"Feature","id":"osm:node/4960235654","geometry":{"type":"Point","coordinates":[-0.9400312,50.8418565]},"properties":{"name":"Slipway","category":"slipway","sourceName":"OpenStreetMap","sourceFeatureId":"osm:node/4960235654","sourceUrl":"https://www.openstreetmap.org/node/4960235654","sourceUpdated":"2026-08-20T23:29:45Z","licence":"ODbL 1.0","warning":"Community-maintained place data. Verify access, facilities and local restrictions."}},{"type":"Feature","id":"osm:node/4960235656","geometry":{"type":"Point","coordinates":[-0.9396126,50.8421091]},"properties":{"name":"Slipway","category":"slipway","sourceName":"OpenStreetMap","sourceFeatureId":"osm:node/4960235656","sourceUrl":"https://www.openstreetmap.org/node/4960235656","sourceUpdated":"2026-08-20T23:29:45Z","licence":"ODbL 1.0","warning":"Community-maintained place data. Verify access, facilities and local restrictions."}},{"type":"Feature","id":"osm:node/4960235658","geometry":{"type":"Point","coordinates":[-0.9404356,50.841916]},"properties":{"name":"Slipway","category":"slipway","sourceName":"OpenStreetMap","sourceFeatureId":"osm:node/4960235658","sourceUrl":"https://www.openstreetmap.org/node/4960235658","sourceUpdated":"2026-08-20T23:29:45Z","licence":"ODbL 1.0","warning":"Community-maintained place data. Verify access, facilities and local restrictions."}},{"type":"Feature","id":"osm:node/4988498618","geometry":{"type":"Point","coordinates":[-1.1002167,50.6912423]},"properties":{"name":"Slipway","category":"slipway","facility":"private","sourceName":"OpenStreetMap","sourceFeatureId":"osm:node/4988498618","sourceUrl":"https://www.openstreetmap.org/node/4988498618","sourceUpdated":"2026-08-20T23:29:45Z","licence":"ODbL 1.0","warning":"Community-maintained place data. Verify access, facilities and local restrictions."}},{"type":"Feature","id":"osm:node/5018549048","geometry":{"type":"Point","coordinates":[-1.094741,50.671951]},"properties":{"name":"Slipway","category":"slipway","sourceName":"OpenStreetMap","sourceFeatureId":"osm:node/5018549048","sourceUrl":"https://www.openstreetmap.org/node/5018549048","sourceUpdated":"2026-08-20T23:29:45Z","licence":"ODbL 1.0","warning":"Community-maintained place data. Verify access, facilities and local restrictions."}},{"type":"Feature","id":"osm:node/5097871144","geometry":{"type":"Point","coordinates":[-1.503267,50.705151]},"properties":{"name":"Slipway","category":"slipway","sourceName":"OpenStreetMap","sourceFeatureId":"osm:node/5097871144","sourceUrl":"https://www.openstreetmap.org/node/5097871144","sourceUpdated":"2026-08-20T23:29:45Z","licence":"ODbL 1.0","warning":"Community-maintained place data. Verify access, facilities and local restrictions."}},{"type":"Feature","id":"osm:node/5101035064","geometry":{"type":"Point","coordinates":[-1.3328867,50.7564203]},"properties":{"name":"Slipway","category":"slipway","sourceName":"OpenStreetMap","sourceFeatureId":"osm:node/5101035064","sourceUrl":"https://www.openstreetmap.org/node/5101035064","sourceUpdated":"2026-08-20T23:29:45Z","licence":"ODbL 1.0","warning":"Community-maintained place data. Verify access, facilities and local restrictions."}},{"type":"Feature","id":"osm:node/5101035086","geometry":{"type":"Point","coordinates":[-1.330779,50.7570157]},"properties":{"name":"Slipway","category":"slipway","sourceName":"OpenStreetMap","sourceFeatureId":"osm:node/5101035086","sourceUrl":"https://www.openstreetmap.org/node/5101035086","sourceUpdated":"2026-08-20T23:29:45Z","licence":"ODbL 1.0","warning":"Community-maintained place data. Verify access, facilities and local restrictions."}},{"type":"Feature","id":"osm:node/5102554384","geometry":{"type":"Point","coordinates":[-1.3125543,50.7673138]},"properties":{"name":"Slipway","category":"slipway","sourceName":"OpenStreetMap","sourceFeatureId":"osm:node/5102554384","sourceUrl":"https://www.openstreetmap.org/node/5102554384","sourceUpdated":"2026-08-20T23:29:45Z","licence":"ODbL 1.0","warning":"Community-maintained place data. Verify access, facilities and local restrictions."}},{"type":"Feature","id":"osm:node/5102960361","geometry":{"type":"Point","coordinates":[-1.2942965,50.7599275]},"properties":{"name":"Slipway","category":"slipway","sourceName":"OpenStreetMap","sourceFeatureId":"osm:node/5102960361","sourceUrl":"https://www.openstreetmap.org/node/5102960361","sourceUpdated":"2026-08-20T23:29:45Z","licence":"ODbL 1.0","warning":"Community-maintained place data. Verify access, facilities and local restrictions."}},{"type":"Feature","id":"osm:node/5102960385","geometry":{"type":"Point","coordinates":[-1.2943436,50.7601028]},"properties":{"name":"Slipway","category":"slipway","sourceName":"OpenStreetMap","sourceFeatureId":"osm:node/5102960385","sourceUrl":"https://www.openstreetmap.org/node/5102960385","sourceUpdated":"2026-08-20T23:29:45Z","licence":"ODbL 1.0","warning":"Community-maintained place data. Verify access, facilities and local restrictions."}},{"type":"Feature","id":"osm:node/5107024227","geometry":{"type":"Point","coordinates":[-1.2973469,50.7634161]},"properties":{"name":"Slipway","category":"slipway","sourceName":"OpenStreetMap","sourceFeatureId":"osm:node/5107024227","sourceUrl":"https://www.openstreetmap.org/node/5107024227","sourceUpdated":"2026-08-20T23:29:45Z","licence":"ODbL 1.0","warning":"Community-maintained place data. Verify access, facilities and local restrictions."}},{"type":"Feature","id":"osm:node/5117835940","geometry":{"type":"Point","coordinates":[-1.2919302,50.7017136]},"properties":{"name":"Slipway","category":"slipway","sourceName":"OpenStreetMap","sourceFeatureId":"osm:node/5117835940","sourceUrl":"https://www.openstreetmap.org/node/5117835940","sourceUpdated":"2026-08-20T23:29:45Z","licence":"ODbL 1.0","warning":"Community-maintained place data. Verify access, facilities and local restrictions."}},{"type":"Feature","id":"osm:node/5151992715","geometry":{"type":"Point","coordinates":[-1.2812108,50.7337662]},"properties":{"name":"Slipway","category":"slipway","sourceName":"OpenStreetMap","sourceFeatureId":"osm:node/5151992715","sourceUrl":"https://www.openstreetmap.org/node/5151992715","sourceUpdated":"2026-08-20T23:29:45Z","licence":"ODbL 1.0","warning":"Community-maintained place data. Verify access, facilities and local restrictions."}},{"type":"Feature","id":"osm:node/5186432896","geometry":{"type":"Point","coordinates":[-1.2146974,50.733896]},"properties":{"name":"Slipway","category":"slipway","sourceName":"OpenStreetMap","sourceFeatureId":"osm:node/5186432896","sourceUrl":"https://www.openstreetmap.org/node/5186432896","sourceUpdated":"2026-08-20T23:29:45Z","licence":"ODbL 1.0","warning":"Community-maintained place data. Verify access, facilities and local restrictions."}},{"type":"Feature","id":"osm:node/5186490630","geometry":{"type":"Point","coordinates":[-1.2176263,50.7328095]},"properties":{"name":"Slipway","category":"slipway","sourceName":"OpenStreetMap","sourceFeatureId":"osm:node/5186490630","sourceUrl":"https://www.openstreetmap.org/node/5186490630","sourceUpdated":"2026-08-20T23:29:45Z","licence":"ODbL 1.0","warning":"Community-maintained place data. Verify access, facilities and local restrictions."}},{"type":"Feature","id":"osm:node/5190445744","geometry":{"type":"Point","coordinates":[-1.2256891,50.7280363]},"properties":{"name":"Slipway","category":"slipway","sourceName":"OpenStreetMap","sourceFeatureId":"osm:node/5190445744","sourceUrl":"https://www.openstreetmap.org/node/5190445744","sourceUpdated":"2026-08-20T23:29:45Z","licence":"ODbL 1.0","warning":"Community-maintained place data. Verify access, facilities and local restrictions."}},{"type":"Feature","id":"osm:node/5230231180","geometry":{"type":"Point","coordinates":[-1.1846989,50.5977647]},"properties":{"name":"Slipway","category":"slipway","sourceName":"OpenStreetMap","sourceFeatureId":"osm:node/5230231180","sourceUrl":"https://www.openstreetmap.org/node/5230231180","sourceUpdated":"2026-08-20T23:29:45Z","licence":"ODbL 1.0","warning":"Community-maintained place data. Verify access, facilities and local restrictions."}},{"type":"Feature","id":"osm:node/5230374985","geometry":{"type":"Point","coordinates":[-1.2013762,50.5929824]},"properties":{"name":"Slipway","category":"slipway","sourceName":"OpenStreetMap","sourceFeatureId":"osm:node/5230374985","sourceUrl":"https://www.openstreetmap.org/node/5230374985","sourceUpdated":"2026-08-20T23:29:45Z","licence":"ODbL 1.0","warning":"Community-maintained place data. Verify access, facilities and local restrictions."}},{"type":"Feature","id":"osm:node/5230374990","geometry":{"type":"Point","coordinates":[-1.1966836,50.5946331]},"properties":{"name":"Slipway","category":"slipway","sourceName":"OpenStreetMap","sourceFeatureId":"osm:node/5230374990","sourceUrl":"https://www.openstreetmap.org/node/5230374990","sourceUpdated":"2026-08-20T23:29:45Z","licence":"ODbL 1.0","warning":"Community-maintained place data. Verify access, facilities and local restrictions."}},{"type":"Feature","id":"osm:node/5353231488","geometry":{"type":"Point","coordinates":[-1.1110997,50.7217606]},"properties":{"name":"Slipway","category":"slipway","sourceName":"OpenStreetMap","sourceFeatureId":"osm:node/5353231488","sourceUrl":"https://www.openstreetmap.org/node/5353231488","sourceUpdated":"2026-08-20T23:29:45Z","licence":"ODbL 1.0","warning":"Community-maintained place data. Verify access, facilities and local restrictions."}},{"type":"Feature","id":"osm:node/5353231492","geometry":{"type":"Point","coordinates":[-1.1099969,50.721836]},"properties":{"name":"Slipway","category":"slipway","sourceName":"OpenStreetMap","sourceFeatureId":"osm:node/5353231492","sourceUrl":"https://www.openstreetmap.org/node/5353231492","sourceUpdated":"2026-08-20T23:29:45Z","licence":"ODbL 1.0","warning":"Community-maintained place data. Verify access, facilities and local restrictions."}},{"type":"Feature","id":"osm:node/5353231964","geometry":{"type":"Point","coordinates":[-1.1089446,50.7207919]},"properties":{"name":"Slipway","category":"slipway","sourceName":"OpenStreetMap","sourceFeatureId":"osm:node/5353231964","sourceUrl":"https://www.openstreetmap.org/node/5353231964","sourceUpdated":"2026-08-20T23:29:45Z","licence":"ODbL 1.0","warning":"Community-maintained place data. Verify access, facilities and local restrictions."}},{"type":"Feature","id":"osm:node/5353231971","geometry":{"type":"Point","coordinates":[-1.1147717,50.7220451]},"properties":{"name":"Slipway","category":"slipway","sourceName":"OpenStreetMap","sourceFeatureId":"osm:node/5353231971","sourceUrl":"https://www.openstreetmap.org/node/5353231971","sourceUpdated":"2026-08-20T23:29:45Z","licence":"ODbL 1.0","warning":"Community-maintained place data. Verify access, facilities and local restrictions."}},{"type":"Feature","id":"osm:node/5383599457","geometry":{"type":"Point","coordinates":[-1.5190181,50.707025]},"properties":{"name":"Slipway","category":"slipway","sourceName":"OpenStreetMap","sourceFeatureId":"osm:node/5383599457","sourceUrl":"https://www.openstreetmap.org/node/5383599457","sourceUpdated":"2026-08-20T23:29:45Z","licence":"ODbL 1.0","warning":"Community-maintained place data. Verify access, facilities and local restrictions."}},{"type":"Feature","id":"osm:node/5383803803","geometry":{"type":"Point","coordinates":[-1.5383924,50.6896022]},"properties":{"name":"Slipway","category":"slipway","sourceName":"OpenStreetMap","sourceFeatureId":"osm:node/5383803803","sourceUrl":"https://www.openstreetmap.org/node/5383803803","sourceUpdated":"2026-08-20T23:29:45Z","licence":"ODbL 1.0","warning":"Community-maintained place data. Verify access, facilities and local restrictions."}},{"type":"Feature","id":"osm:node/5428709080","geometry":{"type":"Point","coordinates":[-1.1057387,50.6929652]},"properties":{"name":"Slipway","category":"slipway","sourceName":"OpenStreetMap","sourceFeatureId":"osm:node/5428709080","sourceUrl":"https://www.openstreetmap.org/node/5428709080","sourceUpdated":"2026-08-20T23:29:45Z","licence":"ODbL 1.0","warning":"Community-maintained place data. Verify access, facilities and local restrictions."}},{"type":"Feature","id":"osm:node/5428709086","geometry":{"type":"Point","coordinates":[-1.1068015,50.6931194]},"properties":{"name":"Slipway","category":"slipway","sourceName":"OpenStreetMap","sourceFeatureId":"osm:node/5428709086","sourceUrl":"https://www.openstreetmap.org/node/5428709086","sourceUpdated":"2026-08-20T23:29:45Z","licence":"ODbL 1.0","warning":"Community-maintained place data. Verify access, facilities and local restrictions."}},{"type":"Feature","id":"osm:node/5453732290","geometry":{"type":"Point","coordinates":[-1.4759231,50.7089096]},"properties":{"name":"Slipway","category":"slipway","sourceName":"OpenStreetMap","sourceFeatureId":"osm:node/5453732290","sourceUrl":"https://www.openstreetmap.org/node/5453732290","sourceUpdated":"2026-08-20T23:29:45Z","licence":"ODbL 1.0","warning":"Community-maintained place data. Verify access, facilities and local restrictions."}},{"type":"Feature","id":"osm:node/5453732292","geometry":{"type":"Point","coordinates":[-1.47643,50.7089096]},"properties":{"name":"Slipway","category":"slipway","sourceName":"OpenStreetMap","sourceFeatureId":"osm:node/5453732292","sourceUrl":"https://www.openstreetmap.org/node/5453732292","sourceUpdated":"2026-08-20T23:29:45Z","licence":"ODbL 1.0","warning":"Community-maintained place data. Verify access, facilities and local restrictions."}},{"type":"Feature","id":"osm:node/5498293820","geometry":{"type":"Point","coordinates":[-0.8262575,50.8047906]},"properties":{"name":"Slipway","category":"slipway","sourceName":"OpenStreetMap","sourceFeatureId":"osm:node/5498293820","sourceUrl":"https://www.openstreetmap.org/node/5498293820","sourceUpdated":"2026-08-20T23:29:45Z","licence":"ODbL 1.0","warning":"Community-maintained place data. Verify access, facilities and local restrictions."}},{"type":"Feature","id":"osm:node/5498296303","geometry":{"type":"Point","coordinates":[-0.8272956,50.8047902]},"properties":{"name":"Slipway","category":"slipway","sourceName":"OpenStreetMap","sourceFeatureId":"osm:node/5498296303","sourceUrl":"https://www.openstreetmap.org/node/5498296303","sourceUpdated":"2026-08-20T23:29:45Z","licence":"ODbL 1.0","warning":"Community-maintained place data. Verify access, facilities and local restrictions."}},{"type":"Feature","id":"osm:node/5531943088","geometry":{"type":"Point","coordinates":[-0.7795792,50.7279355]},"properties":{"name":"Slipway","category":"slipway","facility":"private","sourceName":"OpenStreetMap","sourceFeatureId":"osm:node/5531943088","sourceUrl":"https://www.openstreetmap.org/node/5531943088","sourceUpdated":"2026-08-20T23:29:45Z","licence":"ODbL 1.0","warning":"Community-maintained place data. Verify access, facilities and local restrictions."}},{"type":"Feature","id":"osm:node/5558690400","geometry":{"type":"Point","coordinates":[-1.2227225,50.7399536]},"properties":{"name":"Slipway","category":"slipway","sourceName":"OpenStreetMap","sourceFeatureId":"osm:node/5558690400","sourceUrl":"https://www.openstreetmap.org/node/5558690400","sourceUpdated":"2026-08-20T23:29:45Z","licence":"ODbL 1.0","warning":"Community-maintained place data. Verify access, facilities and local restrictions."}},{"type":"Feature","id":"osm:node/5666219069","geometry":{"type":"Point","coordinates":[-0.9801577,50.8377179]},"properties":{"name":"Slipway","category":"slipway","sourceName":"OpenStreetMap","sourceFeatureId":"osm:node/5666219069","sourceUrl":"https://www.openstreetmap.org/node/5666219069","sourceUpdated":"2026-08-20T23:29:45Z","licence":"ODbL 1.0","warning":"Community-maintained place data. Verify access, facilities and local restrictions."}},{"type":"Feature","id":"osm:node/5691270980","geometry":{"type":"Point","coordinates":[-0.8399407,50.8007903]},"properties":{"name":"Slipway","category":"slipway","facility":"private","sourceName":"OpenStreetMap","sourceFeatureId":"osm:node/5691270980","sourceUrl":"https://www.openstreetmap.org/node/5691270980","sourceUpdated":"2026-08-20T23:29:45Z","licence":"ODbL 1.0","warning":"Community-maintained place data. Verify access, facilities and local restrictions."}},{"type":"Feature","id":"osm:node/5694852468","geometry":{"type":"Point","coordinates":[-0.8660921,50.8070046]},"properties":{"name":"Slipway","category":"slipway","sourceName":"OpenStreetMap","sourceFeatureId":"osm:node/5694852468","sourceUrl":"https://www.openstreetmap.org/node/5694852468","sourceUpdated":"2026-08-20T23:29:45Z","licence":"ODbL 1.0","warning":"Community-maintained place data. Verify access, facilities and local restrictions."}},{"type":"Feature","id":"osm:node/5765687976","geometry":{"type":"Point","coordinates":[-1.5042958,50.9362878]},"properties":{"name":"Slipway","category":"slipway","sourceName":"OpenStreetMap","sourceFeatureId":"osm:node/5765687976","sourceUrl":"https://www.openstreetmap.org/node/5765687976","sourceUpdated":"2026-08-20T23:29:45Z","licence":"ODbL 1.0","warning":"Community-maintained place data. Verify access, facilities and local restrictions."}},{"type":"Feature","id":"osm:node/5976202527","geometry":{"type":"Point","coordinates":[-1.2248442,50.7250743]},"properties":{"name":"Slipway","category":"slipway","sourceName":"OpenStreetMap","sourceFeatureId":"osm:node/5976202527","sourceUrl":"https://www.openstreetmap.org/node/5976202527","sourceUpdated":"2026-08-20T23:29:45Z","licence":"ODbL 1.0","warning":"Community-maintained place data. Verify access, facilities and local restrictions."}},{"type":"Feature","id":"osm:node/5992796385","geometry":{"type":"Point","coordinates":[-0.9046829,50.7823619]},"properties":{"name":"Slipway","category":"slipway","facility":"private","sourceName":"OpenStreetMap","sourceFeatureId":"osm:node/5992796385","sourceUrl":"https://www.openstreetmap.org/node/5992796385","sourceUpdated":"2026-08-20T23:29:45Z","licence":"ODbL 1.0","warning":"Community-maintained place data. Verify access, facilities and local restrictions."}},{"type":"Feature","id":"osm:node/6012435876","geometry":{"type":"Point","coordinates":[-1.025489,50.7957382]},"properties":{"name":"Slipway","category":"slipway","sourceName":"OpenStreetMap","sourceFeatureId":"osm:node/6012435876","sourceUrl":"https://www.openstreetmap.org/node/6012435876","sourceUpdated":"2026-08-20T23:29:45Z","licence":"ODbL 1.0","warning":"Community-maintained place data. Verify access, facilities and local restrictions."}},{"type":"Feature","id":"osm:node/6207100933","geometry":{"type":"Point","coordinates":[-1.4791904,50.7086053]},"properties":{"name":"Slipway","category":"slipway","sourceName":"OpenStreetMap","sourceFeatureId":"osm:node/6207100933","sourceUrl":"https://www.openstreetmap.org/node/6207100933","sourceUpdated":"2026-08-20T23:29:45Z","licence":"ODbL 1.0","warning":"Community-maintained place data. Verify access, facilities and local restrictions."}},{"type":"Feature","id":"osm:node/6207100934","geometry":{"type":"Point","coordinates":[-1.4790788,50.7086154]},"properties":{"name":"Slipway","category":"slipway","sourceName":"OpenStreetMap","sourceFeatureId":"osm:node/6207100934","sourceUrl":"https://www.openstreetmap.org/node/6207100934","sourceUpdated":"2026-08-20T23:29:45Z","licence":"ODbL 1.0","warning":"Community-maintained place data. Verify access, facilities and local restrictions."}},{"type":"Feature","id":"osm:node/6207100936","geometry":{"type":"Point","coordinates":[-1.4779724,50.7087785]},"properties":{"name":"Slipway","category":"slipway","sourceName":"OpenStreetMap","sourceFeatureId":"osm:node/6207100936","sourceUrl":"https://www.openstreetmap.org/node/6207100936","sourceUpdated":"2026-08-20T23:29:45Z","licence":"ODbL 1.0","warning":"Community-maintained place data. Verify access, facilities and local restrictions."}},{"type":"Feature","id":"osm:node/6207100937","geometry":{"type":"Point","coordinates":[-1.4775044,50.7087462]},"properties":{"name":"Slipway","category":"slipway","sourceName":"OpenStreetMap","sourceFeatureId":"osm:node/6207100937","sourceUrl":"https://www.openstreetmap.org/node/6207100937","sourceUpdated":"2026-08-20T23:29:45Z","licence":"ODbL 1.0","warning":"Community-maintained place data. Verify access, facilities and local restrictions."}},{"type":"Feature","id":"osm:node/6315657190","geometry":{"type":"Point","coordinates":[-1.2878558,50.5767578]},"properties":{"name":"Slipway","category":"slipway","sourceName":"OpenStreetMap","sourceFeatureId":"osm:node/6315657190","sourceUrl":"https://www.openstreetmap.org/node/6315657190","sourceUpdated":"2026-08-20T23:29:45Z","licence":"ODbL 1.0","warning":"Community-maintained place data. Verify access, facilities and local restrictions."}},{"type":"Feature","id":"osm:node/6315657194","geometry":{"type":"Point","coordinates":[-1.2877511,50.5768165]},"properties":{"name":"Slipway","category":"slipway","sourceName":"OpenStreetMap","sourceFeatureId":"osm:node/6315657194","sourceUrl":"https://www.openstreetmap.org/node/6315657194","sourceUpdated":"2026-08-20T23:29:45Z","licence":"ODbL 1.0","warning":"Community-maintained place data. Verify access, facilities and local restrictions."}},{"type":"Feature","id":"osm:node/6415709577","geometry":{"type":"Point","coordinates":[-1.2260156,50.7278617]},"properties":{"name":"Slipway","category":"slipway","sourceName":"OpenStreetMap","sourceFeatureId":"osm:node/6415709577","sourceUrl":"https://www.openstreetmap.org/node/6415709577","sourceUpdated":"2026-08-20T23:29:45Z","licence":"ODbL 1.0","warning":"Community-maintained place data. Verify access, facilities and local restrictions."}},{"type":"Feature","id":"osm:node/6415709580","geometry":{"type":"Point","coordinates":[-1.2262157,50.7277526]},"properties":{"name":"Slipway","category":"slipway","sourceName":"OpenStreetMap","sourceFeatureId":"osm:node/6415709580","sourceUrl":"https://www.openstreetmap.org/node/6415709580","sourceUpdated":"2026-08-20T23:29:45Z","licence":"ODbL 1.0","warning":"Community-maintained place data. Verify access, facilities and local restrictions."}},{"type":"Feature","id":"osm:node/6415709583","geometry":{"type":"Point","coordinates":[-1.225453,50.728156]},"properties":{"name":"Slipway","category":"slipway","sourceName":"OpenStreetMap","sourceFeatureId":"osm:node/6415709583","sourceUrl":"https://www.openstreetmap.org/node/6415709583","sourceUpdated":"2026-08-20T23:29:45Z","licence":"ODbL 1.0","warning":"Community-maintained place data. Verify access, facilities and local restrictions."}},{"type":"Feature","id":"osm:node/6415710090","geometry":{"type":"Point","coordinates":[-1.2242755,50.7289973]},"properties":{"name":"Slipway","category":"slipway","sourceName":"OpenStreetMap","sourceFeatureId":"osm:node/6415710090","sourceUrl":"https://www.openstreetmap.org/node/6415710090","sourceUpdated":"2026-08-20T23:29:45Z","licence":"ODbL 1.0","warning":"Community-maintained place data. Verify access, facilities and local restrictions."}},{"type":"Feature","id":"osm:node/6415710094","geometry":{"type":"Point","coordinates":[-1.2241134,50.7291392]},"properties":{"name":"Slipway","category":"slipway","sourceName":"OpenStreetMap","sourceFeatureId":"osm:node/6415710094","sourceUrl":"https://www.openstreetmap.org/node/6415710094","sourceUpdated":"2026-08-20T23:29:45Z","licence":"ODbL 1.0","warning":"Community-maintained place data. Verify access, facilities and local restrictions."}},{"type":"Feature","id":"osm:node/6415710096","geometry":{"type":"Point","coordinates":[-1.2239315,50.7292667]},"properties":{"name":"Slipway","category":"slipway","sourceName":"OpenStreetMap","sourceFeatureId":"osm:node/6415710096","sourceUrl":"https://www.openstreetmap.org/node/6415710096","sourceUpdated":"2026-08-20T23:29:45Z","licence":"ODbL 1.0","warning":"Community-maintained place data. Verify access, facilities and local restrictions."}},{"type":"Feature","id":"osm:node/6415710104","geometry":{"type":"Point","coordinates":[-1.2234643,50.7296186]},"properties":{"name":"Slipway","category":"slipway","sourceName":"OpenStreetMap","sourceFeatureId":"osm:node/6415710104","sourceUrl":"https://www.openstreetmap.org/node/6415710104","sourceUpdated":"2026-08-20T23:29:45Z","licence":"ODbL 1.0","warning":"Community-maintained place data. Verify access, facilities and local restrictions."}},{"type":"Feature","id":"osm:node/6416315992","geometry":{"type":"Point","coordinates":[-1.2802454,50.7250843]},"properties":{"name":"Slipway","category":"slipway","sourceName":"OpenStreetMap","sourceFeatureId":"osm:node/6416315992","sourceUrl":"https://www.openstreetmap.org/node/6416315992","sourceUpdated":"2026-08-20T23:29:45Z","licence":"ODbL 1.0","warning":"Community-maintained place data. Verify access, facilities and local restrictions."}},{"type":"Feature","id":"osm:node/6416644741","geometry":{"type":"Point","coordinates":[-1.2260839,50.7259873]},"properties":{"name":"Slipway","category":"slipway","sourceName":"OpenStreetMap","sourceFeatureId":"osm:node/6416644741","sourceUrl":"https://www.openstreetmap.org/node/6416644741","sourceUpdated":"2026-08-20T23:29:45Z","licence":"ODbL 1.0","warning":"Community-maintained place data. Verify access, facilities and local restrictions."}},{"type":"Feature","id":"osm:node/6509193668","geometry":{"type":"Point","coordinates":[-1.1722031,50.6291345]},"properties":{"name":"Slipway","category":"slipway","sourceName":"OpenStreetMap","sourceFeatureId":"osm:node/6509193668","sourceUrl":"https://www.openstreetmap.org/node/6509193668","sourceUpdated":"2026-08-20T23:29:45Z","licence":"ODbL 1.0","warning":"Community-maintained place data. Verify access, facilities and local restrictions."}},{"type":"Feature","id":"osm:node/677192201","geometry":{"type":"Point","coordinates":[-0.8747212,50.8164275]},"properties":{"name":"Slipway","category":"slipway","facility":"private","sourceName":"OpenStreetMap","sourceFeatureId":"osm:node/677192201","sourceUrl":"https://www.openstreetmap.org/node/677192201","sourceUpdated":"2026-08-20T23:29:45Z","licence":"ODbL 1.0","warning":"Community-maintained place data. Verify access, facilities and local restrictions."}},{"type":"Feature","id":"osm:node/6911443528","geometry":{"type":"Point","coordinates":[-1.1339168,50.8133054]},"properties":{"name":"Slipway","category":"slipway","sourceName":"OpenStreetMap","sourceFeatureId":"osm:node/6911443528","sourceUrl":"https://www.openstreetmap.org/node/6911443528","sourceUpdated":"2026-08-20T23:29:45Z","licence":"ODbL 1.0","warning":"Community-maintained place data. Verify access, facilities and local restrictions."}},{"type":"Feature","id":"osm:node/699765195","geometry":{"type":"Point","coordinates":[-1.4289329,50.8971794]},"properties":{"name":"Slipway","category":"slipway","sourceName":"OpenStreetMap","sourceFeatureId":"osm:node/699765195","sourceUrl":"https://www.openstreetmap.org/node/699765195","sourceUpdated":"2026-08-20T23:29:45Z","licence":"ODbL 1.0","warning":"Community-maintained place data. Verify access, facilities and local restrictions."}},{"type":"Feature","id":"osm:node/699765586","geometry":{"type":"Point","coordinates":[-1.4265733,50.8966519]},"properties":{"name":"Slipway","category":"slipway","sourceName":"OpenStreetMap","sourceFeatureId":"osm:node/699765586","sourceUrl":"https://www.openstreetmap.org/node/699765586","sourceUpdated":"2026-08-20T23:29:45Z","licence":"ODbL 1.0","warning":"Community-maintained place data. Verify access, facilities and local restrictions."}},{"type":"Feature","id":"osm:node/699765633","geometry":{"type":"Point","coordinates":[-1.4262984,50.8965029]},"properties":{"name":"Slipway","category":"slipway","sourceName":"OpenStreetMap","sourceFeatureId":"osm:node/699765633","sourceUrl":"https://www.openstreetmap.org/node/699765633","sourceUpdated":"2026-08-20T23:29:45Z","licence":"ODbL 1.0","warning":"Community-maintained place data. Verify access, facilities and local restrictions."}},{"type":"Feature","id":"osm:node/7239169958","geometry":{"type":"Point","coordinates":[-0.8969006,50.7895822]},"properties":{"name":"Slipway","category":"slipway","facility":"private","sourceName":"OpenStreetMap","sourceFeatureId":"osm:node/7239169958","sourceUrl":"https://www.openstreetmap.org/node/7239169958","sourceUpdated":"2026-08-20T23:29:45Z","licence":"ODbL 1.0","warning":"Community-maintained place data. Verify access, facilities and local restrictions."}},{"type":"Feature","id":"osm:node/78719087","geometry":{"type":"Point","coordinates":[-1.3301054,50.8560049]},"properties":{"name":"Slipway","category":"slipway","sourceName":"OpenStreetMap","sourceFeatureId":"osm:node/78719087","sourceUrl":"https://www.openstreetmap.org/node/78719087","sourceUpdated":"2026-08-20T23:29:45Z","licence":"ODbL 1.0","warning":"Community-maintained place data. Verify access, facilities and local restrictions."}},{"type":"Feature","id":"osm:node/7956009526","geometry":{"type":"Point","coordinates":[-0.8045744,50.730262]},"properties":{"name":"Slipway","category":"slipway","facility":"private","sourceName":"OpenStreetMap","sourceFeatureId":"osm:node/7956009526","sourceUrl":"https://www.openstreetmap.org/node/7956009526","sourceUpdated":"2026-08-20T23:29:45Z","licence":"ODbL 1.0","warning":"Community-maintained place data. Verify access, facilities and local restrictions."}},{"type":"Feature","id":"osm:node/7973148791","geometry":{"type":"Point","coordinates":[-0.8758109,50.7658937]},"properties":{"name":"Slipway","category":"slipway","facility":"private","sourceName":"OpenStreetMap","sourceFeatureId":"osm:node/7973148791","sourceUrl":"https://www.openstreetmap.org/node/7973148791","sourceUpdated":"2026-08-20T23:29:45Z","licence":"ODbL 1.0","warning":"Community-maintained place data. Verify access, facilities and local restrictions."}},{"type":"Feature","id":"osm:node/8311122252","geometry":{"type":"Point","coordinates":[-1.7426232,50.7241943]},"properties":{"name":"Slipway","category":"slipway","sourceName":"OpenStreetMap","sourceFeatureId":"osm:node/8311122252","sourceUrl":"https://www.openstreetmap.org/node/8311122252","sourceUpdated":"2026-08-20T23:29:45Z","licence":"ODbL 1.0","warning":"Community-maintained place data. Verify access, facilities and local restrictions."}},{"type":"Feature","id":"osm:node/8311587884","geometry":{"type":"Point","coordinates":[-1.0703332,50.6903907]},"properties":{"name":"Slipway","category":"slipway","sourceName":"OpenStreetMap","sourceFeatureId":"osm:node/8311587884","sourceUrl":"https://www.openstreetmap.org/node/8311587884","sourceUpdated":"2026-08-20T23:29:45Z","licence":"ODbL 1.0","warning":"Community-maintained place data. Verify access, facilities and local restrictions."}},{"type":"Feature","id":"osm:node/8311936446","geometry":{"type":"Point","coordinates":[-0.9361193,50.7817946]},"properties":{"name":"Slipway","category":"slipway","sourceName":"OpenStreetMap","sourceFeatureId":"osm:node/8311936446","sourceUrl":"https://www.openstreetmap.org/node/8311936446","sourceUpdated":"2026-08-20T23:29:45Z","licence":"ODbL 1.0","warning":"Community-maintained place data. Verify access, facilities and local restrictions."}},{"type":"Feature","id":"osm:node/8327338522","geometry":{"type":"Point","coordinates":[-0.9571756,50.7896697]},"properties":{"name":"Slipway","category":"slipway","sourceName":"OpenStreetMap","sourceFeatureId":"osm:node/8327338522","sourceUrl":"https://www.openstreetmap.org/node/8327338522","sourceUpdated":"2026-08-20T23:29:45Z","licence":"ODbL 1.0","warning":"Community-maintained place data. Verify access, facilities and local restrictions."}},{"type":"Feature","id":"osm:node/8327338527","geometry":{"type":"Point","coordinates":[-0.9571751,50.7896702]},"properties":{"name":"Slipway","category":"slipway","sourceName":"OpenStreetMap","sourceFeatureId":"osm:node/8327338527","sourceUrl":"https://www.openstreetmap.org/node/8327338527","sourceUpdated":"2026-08-20T23:29:45Z","licence":"ODbL 1.0","warning":"Community-maintained place data. Verify access, facilities and local restrictions."}},{"type":"Feature","id":"osm:node/8409665331","geometry":{"type":"Point","coordinates":[-1.4806153,50.9119653]},"properties":{"name":"Slipway","category":"slipway","sourceName":"OpenStreetMap","sourceFeatureId":"osm:node/8409665331","sourceUrl":"https://www.openstreetmap.org/node/8409665331","sourceUpdated":"2026-08-20T23:29:45Z","licence":"ODbL 1.0","warning":"Community-maintained place data. Verify access, facilities and local restrictions."}},{"type":"Feature","id":"osm:node/860690355","geometry":{"type":"Point","coordinates":[-1.1079025,50.7180771]},"properties":{"name":"Slipway","category":"slipway","sourceName":"OpenStreetMap","sourceFeatureId":"osm:node/860690355","sourceUrl":"https://www.openstreetmap.org/node/860690355","sourceUpdated":"2026-08-20T23:29:45Z","licence":"ODbL 1.0","warning":"Community-maintained place data. Verify access, facilities and local restrictions."}},{"type":"Feature","id":"osm:node/8667725961","geometry":{"type":"Point","coordinates":[-1.4019772,50.711059]},"properties":{"name":"Slipway","category":"slipway","sourceName":"OpenStreetMap","sourceFeatureId":"osm:node/8667725961","sourceUrl":"https://www.openstreetmap.org/node/8667725961","sourceUpdated":"2026-08-20T23:29:45Z","licence":"ODbL 1.0","warning":"Community-maintained place data. Verify access, facilities and local restrictions."}},{"type":"Feature","id":"osm:node/8718413682","geometry":{"type":"Point","coordinates":[-1.7542166,50.7275556]},"properties":{"name":"Slipway","category":"slipway","sourceName":"OpenStreetMap","sourceFeatureId":"osm:node/8718413682","sourceUrl":"https://www.openstreetmap.org/node/8718413682","sourceUpdated":"2026-08-20T23:29:45Z","licence":"ODbL 1.0","warning":"Community-maintained place data. Verify access, facilities and local restrictions."}},{"type":"Feature","id":"osm:node/8754107438","geometry":{"type":"Point","coordinates":[-1.7422321,50.7246114]},"properties":{"name":"Slipway","category":"slipway","sourceName":"OpenStreetMap","sourceFeatureId":"osm:node/8754107438","sourceUrl":"https://www.openstreetmap.org/node/8754107438","sourceUpdated":"2026-08-20T23:29:45Z","licence":"ODbL 1.0","warning":"Community-maintained place data. Verify access, facilities and local restrictions."}},{"type":"Feature","id":"osm:node/8754792032","geometry":{"type":"Point","coordinates":[-1.7419361,50.7255612]},"properties":{"name":"Slipway","category":"slipway","sourceName":"OpenStreetMap","sourceFeatureId":"osm:node/8754792032","sourceUrl":"https://www.openstreetmap.org/node/8754792032","sourceUpdated":"2026-08-20T23:29:45Z","licence":"ODbL 1.0","warning":"Community-maintained place data. Verify access, facilities and local restrictions."}},{"type":"Feature","id":"osm:node/8754792033","geometry":{"type":"Point","coordinates":[-1.7418463,50.7254194]},"properties":{"name":"Slipway","category":"slipway","sourceName":"OpenStreetMap","sourceFeatureId":"osm:node/8754792033","sourceUrl":"https://www.openstreetmap.org/node/8754792033","sourceUpdated":"2026-08-20T23:29:45Z","licence":"ODbL 1.0","warning":"Community-maintained place data. Verify access, facilities and local restrictions."}},{"type":"Feature","id":"osm:node/8754792035","geometry":{"type":"Point","coordinates":[-1.7418235,50.7252819]},"properties":{"name":"Slipway","category":"slipway","sourceName":"OpenStreetMap","sourceFeatureId":"osm:node/8754792035","sourceUrl":"https://www.openstreetmap.org/node/8754792035","sourceUpdated":"2026-08-20T23:29:45Z","licence":"ODbL 1.0","warning":"Community-maintained place data. Verify access, facilities and local restrictions."}},{"type":"Feature","id":"osm:node/8754792036","geometry":{"type":"Point","coordinates":[-1.7418637,50.7251554]},"properties":{"name":"Slipway","category":"slipway","sourceName":"OpenStreetMap","sourceFeatureId":"osm:node/8754792036","sourceUrl":"https://www.openstreetmap.org/node/8754792036","sourceUpdated":"2026-08-20T23:29:45Z","licence":"ODbL 1.0","warning":"Community-maintained place data. Verify access, facilities and local restrictions."}},{"type":"Feature","id":"osm:node/8754792037","geometry":{"type":"Point","coordinates":[-1.7419187,50.7250382]},"properties":{"name":"Slipway","category":"slipway","sourceName":"OpenStreetMap","sourceFeatureId":"osm:node/8754792037","sourceUrl":"https://www.openstreetmap.org/node/8754792037","sourceUpdated":"2026-08-20T23:29:45Z","licence":"ODbL 1.0","warning":"Community-maintained place data. Verify access, facilities and local restrictions."}},{"type":"Feature","id":"osm:node/8754792045","geometry":{"type":"Point","coordinates":[-1.7419187,50.7249126]},"properties":{"name":"Slipway","category":"slipway","sourceName":"OpenStreetMap","sourceFeatureId":"osm:node/8754792045","sourceUrl":"https://www.openstreetmap.org/node/8754792045","sourceUpdated":"2026-08-20T23:29:45Z","licence":"ODbL 1.0","warning":"Community-maintained place data. Verify access, facilities and local restrictions."}},{"type":"Feature","id":"osm:node/8861061487","geometry":{"type":"Point","coordinates":[-0.8555585,50.7587824]},"properties":{"name":"Slipway","category":"slipway","sourceName":"OpenStreetMap","sourceFeatureId":"osm:node/8861061487","sourceUrl":"https://www.openstreetmap.org/node/8861061487","sourceUpdated":"2026-08-20T23:29:45Z","licence":"ODbL 1.0","warning":"Community-maintained place data. Verify access, facilities and local restrictions."}},{"type":"Feature","id":"osm:node/8878202707","geometry":{"type":"Point","coordinates":[-1.1080769,50.7920805]},"properties":{"name":"Slipway","category":"slipway","facility":"private","sourceName":"OpenStreetMap","sourceFeatureId":"osm:node/8878202707","sourceUrl":"https://www.openstreetmap.org/node/8878202707","sourceUpdated":"2026-08-20T23:29:45Z","licence":"ODbL 1.0","warning":"Community-maintained place data. Verify access, facilities and local restrictions."}},{"type":"Feature","id":"osm:node/8890562208","geometry":{"type":"Point","coordinates":[-1.105753,50.7911478]},"properties":{"name":"Slipway","category":"slipway","facility":"private","sourceName":"OpenStreetMap","sourceFeatureId":"osm:node/8890562208","sourceUrl":"https://www.openstreetmap.org/node/8890562208","sourceUpdated":"2026-08-20T23:29:45Z","licence":"ODbL 1.0","warning":"Community-maintained place data. Verify access, facilities and local restrictions."}},{"type":"Feature","id":"osm:node/8890562209","geometry":{"type":"Point","coordinates":[-1.1093441,50.7916004]},"properties":{"name":"Slipway","category":"slipway","sourceName":"OpenStreetMap","sourceFeatureId":"osm:node/8890562209","sourceUrl":"https://www.openstreetmap.org/node/8890562209","sourceUpdated":"2026-08-20T23:29:45Z","licence":"ODbL 1.0","warning":"Community-maintained place data. Verify access, facilities and local restrictions."}},{"type":"Feature","id":"osm:node/8912317633","geometry":{"type":"Point","coordinates":[-1.3372018,50.8278304]},"properties":{"name":"Slipway","category":"slipway","sourceName":"OpenStreetMap","sourceFeatureId":"osm:node/8912317633","sourceUrl":"https://www.openstreetmap.org/node/8912317633","sourceUpdated":"2026-08-20T23:29:45Z","licence":"ODbL 1.0","warning":"Community-maintained place data. Verify access, facilities and local restrictions."}},{"type":"Feature","id":"osm:node/8989495365","geometry":{"type":"Point","coordinates":[-1.2934443,50.7510127]},"properties":{"name":"Slipway","category":"slipway","sourceName":"OpenStreetMap","sourceFeatureId":"osm:node/8989495365","sourceUrl":"https://www.openstreetmap.org/node/8989495365","sourceUpdated":"2026-08-20T23:29:45Z","licence":"ODbL 1.0","warning":"Community-maintained place data. Verify access, facilities and local restrictions."}},{"type":"Feature","id":"osm:node/8989495367","geometry":{"type":"Point","coordinates":[-1.2934551,50.7510687]},"properties":{"name":"Slipway","category":"slipway","sourceName":"OpenStreetMap","sourceFeatureId":"osm:node/8989495367","sourceUrl":"https://www.openstreetmap.org/node/8989495367","sourceUpdated":"2026-08-20T23:29:45Z","licence":"ODbL 1.0","warning":"Community-maintained place data. Verify access, facilities and local restrictions."}},{"type":"Feature","id":"osm:node/8989495369","geometry":{"type":"Point","coordinates":[-1.2933451,50.7506953]},"properties":{"name":"Slipway","category":"slipway","sourceName":"OpenStreetMap","sourceFeatureId":"osm:node/8989495369","sourceUrl":"https://www.openstreetmap.org/node/8989495369","sourceUpdated":"2026-08-20T23:29:45Z","licence":"ODbL 1.0","warning":"Community-maintained place data. Verify access, facilities and local restrictions."}},{"type":"Feature","id":"osm:node/9161066454","geometry":{"type":"Point","coordinates":[-1.3120388,50.8120368]},"properties":{"name":"Slipway","category":"slipway","sourceName":"OpenStreetMap","sourceFeatureId":"osm:node/9161066454","sourceUrl":"https://www.openstreetmap.org/node/9161066454","sourceUpdated":"2026-08-20T23:29:45Z","licence":"ODbL 1.0","warning":"Community-maintained place data. Verify access, facilities and local restrictions."}},{"type":"Feature","id":"osm:node/9224946085","geometry":{"type":"Point","coordinates":[-1.5658706,50.7222873]},"properties":{"name":"Slipway","category":"slipway","sourceName":"OpenStreetMap","sourceFeatureId":"osm:node/9224946085","sourceUrl":"https://www.openstreetmap.org/node/9224946085","sourceUpdated":"2026-08-20T23:29:45Z","licence":"ODbL 1.0","warning":"Community-maintained place data. Verify access, facilities and local restrictions."}},{"type":"Feature","id":"osm:node/9469032936","geometry":{"type":"Point","coordinates":[-1.173734,50.6259073]},"properties":{"name":"Slipway","category":"slipway","sourceName":"OpenStreetMap","sourceFeatureId":"osm:node/9469032936","sourceUrl":"https://www.openstreetmap.org/node/9469032936","sourceUpdated":"2026-08-20T23:29:45Z","licence":"ODbL 1.0","warning":"Community-maintained place data. Verify access, facilities and local restrictions."}},{"type":"Feature","id":"osm:node/9936125185","geometry":{"type":"Point","coordinates":[-1.3745617,50.8853532]},"properties":{"name":"Slipway","category":"slipway","sourceName":"OpenStreetMap","sourceFeatureId":"osm:node/9936125185","sourceUrl":"https://www.openstreetmap.org/node/9936125185","sourceUpdated":"2026-08-20T23:29:45Z","licence":"ODbL 1.0","warning":"Community-maintained place data. Verify access, facilities and local restrictions."}},{"type":"Feature","id":"osm:way/1049715848","geometry":{"type":"Point","coordinates":[-0.8611949,50.8317604]},"properties":{"name":"Slipway","category":"slipway","sourceName":"OpenStreetMap","sourceFeatureId":"osm:way/1049715848","sourceUrl":"https://www.openstreetmap.org/way/1049715848","sourceUpdated":"2026-08-20T23:30:50Z","licence":"ODbL 1.0","warning":"Community-maintained place data. Verify access, facilities and local restrictions."}},{"type":"Feature","id":"osm:way/1083160565","geometry":{"type":"Point","coordinates":[-1.5078517,50.9363951]},"properties":{"name":"Slipway","category":"slipway","facility":"permit","sourceName":"OpenStreetMap","sourceFeatureId":"osm:way/1083160565","sourceUrl":"https://www.openstreetmap.org/way/1083160565","sourceUpdated":"2026-08-20T23:30:50Z","licence":"ODbL 1.0","warning":"Community-maintained place data. Verify access, facilities and local restrictions."}},{"type":"Feature","id":"osm:way/1092078386","geometry":{"type":"Point","coordinates":[-1.1110266,50.8011669]},"properties":{"name":"Slipway","category":"slipway","sourceName":"OpenStreetMap","sourceFeatureId":"osm:way/1092078386","sourceUrl":"https://www.openstreetmap.org/way/1092078386","sourceUpdated":"2026-08-20T23:30:50Z","licence":"ODbL 1.0","warning":"Community-maintained place data. Verify access, facilities and local restrictions."}},{"type":"Feature","id":"osm:way/1094512301","geometry":{"type":"Point","coordinates":[-1.2686816,50.910832]},"properties":{"name":"Slipway","category":"slipway","sourceName":"OpenStreetMap","sourceFeatureId":"osm:way/1094512301","sourceUrl":"https://www.openstreetmap.org/way/1094512301","sourceUpdated":"2026-08-20T23:30:50Z","licence":"ODbL 1.0","warning":"Community-maintained place data. Verify access, facilities and local restrictions."}},{"type":"Feature","id":"osm:way/120511896","geometry":{"type":"Point","coordinates":[-1.4217199,50.7997577]},"properties":{"name":"Slipway","category":"slipway","sourceName":"OpenStreetMap","sourceFeatureId":"osm:way/120511896","sourceUrl":"https://www.openstreetmap.org/way/120511896","sourceUpdated":"2026-08-20T23:30:50Z","licence":"ODbL 1.0","warning":"Community-maintained place data. Verify access, facilities and local restrictions."}},{"type":"Feature","id":"osm:way/1230375567","geometry":{"type":"Point","coordinates":[-1.4422934,50.9017168]},"properties":{"name":"Slipway","category":"slipway","sourceName":"OpenStreetMap","sourceFeatureId":"osm:way/1230375567","sourceUrl":"https://www.openstreetmap.org/way/1230375567","sourceUpdated":"2026-08-20T23:30:50Z","licence":"ODbL 1.0","warning":"Community-maintained place data. Verify access, facilities and local restrictions."}},{"type":"Feature","id":"osm:way/124442672","geometry":{"type":"Point","coordinates":[-0.9913821,50.8559612]},"properties":{"name":"Slipway","category":"slipway","sourceName":"OpenStreetMap","sourceFeatureId":"osm:way/124442672","sourceUrl":"https://www.openstreetmap.org/way/124442672","sourceUpdated":"2026-08-20T23:30:50Z","licence":"ODbL 1.0","warning":"Community-maintained place data. Verify access, facilities and local restrictions."}},{"type":"Feature","id":"osm:way/124442781","geometry":{"type":"Point","coordinates":[-0.9942971,50.864328]},"properties":{"name":"Slipway","category":"slipway","sourceName":"OpenStreetMap","sourceFeatureId":"osm:way/124442781","sourceUrl":"https://www.openstreetmap.org/way/124442781","sourceUpdated":"2026-08-20T23:30:50Z","licence":"ODbL 1.0","warning":"Community-maintained place data. Verify access, facilities and local restrictions."}},{"type":"Feature","id":"osm:way/124442797","geometry":{"type":"Point","coordinates":[-0.9919469,50.8614094]},"properties":{"name":"Slipway","category":"slipway","sourceName":"OpenStreetMap","sourceFeatureId":"osm:way/124442797","sourceUrl":"https://www.openstreetmap.org/way/124442797","sourceUpdated":"2026-08-20T23:30:50Z","licence":"ODbL 1.0","warning":"Community-maintained place data. Verify access, facilities and local restrictions."}},{"type":"Feature","id":"osm:way/125169890","geometry":{"type":"Point","coordinates":[-0.9765023,50.8602673]},"properties":{"name":"Slipway","category":"slipway","sourceName":"OpenStreetMap","sourceFeatureId":"osm:way/125169890","sourceUrl":"https://www.openstreetmap.org/way/125169890","sourceUpdated":"2026-08-20T23:30:50Z","licence":"ODbL 1.0","warning":"Community-maintained place data. Verify access, facilities and local restrictions."}},{"type":"Feature","id":"osm:way/1254292348","geometry":{"type":"Point","coordinates":[-1.4718322,50.7589665]},"properties":{"name":"Slipway","category":"slipway","facility":"private","sourceName":"OpenStreetMap","sourceFeatureId":"osm:way/1254292348","sourceUrl":"https://www.openstreetmap.org/way/1254292348","sourceUpdated":"2026-08-20T23:30:50Z","licence":"ODbL 1.0","warning":"Community-maintained place data. Verify access, facilities and local restrictions."}},{"type":"Feature","id":"osm:way/1254292349","geometry":{"type":"Point","coordinates":[-1.4715099,50.7587342]},"properties":{"name":"Slipway","category":"slipway","facility":"private","sourceName":"OpenStreetMap","sourceFeatureId":"osm:way/1254292349","sourceUrl":"https://www.openstreetmap.org/way/1254292349","sourceUpdated":"2026-08-20T23:30:50Z","licence":"ODbL 1.0","warning":"Community-maintained place data. Verify access, facilities and local restrictions."}},{"type":"Feature","id":"osm:way/1307857037","geometry":{"type":"Point","coordinates":[-0.9996881,50.8448533]},"properties":{"name":"Slipway","category":"slipway","sourceName":"OpenStreetMap","sourceFeatureId":"osm:way/1307857037","sourceUrl":"https://www.openstreetmap.org/way/1307857037","sourceUpdated":"2026-08-20T23:30:50Z","licence":"ODbL 1.0","warning":"Community-maintained place data. Verify access, facilities and local restrictions."}},{"type":"Feature","id":"osm:way/1329682164","geometry":{"type":"Point","coordinates":[-1.26318,50.90487]},"properties":{"name":"Slipway","category":"slipway","sourceName":"OpenStreetMap","sourceFeatureId":"osm:way/1329682164","sourceUrl":"https://www.openstreetmap.org/way/1329682164","sourceUpdated":"2026-08-20T23:30:50Z","licence":"ODbL 1.0","warning":"Community-maintained place data. Verify access, facilities and local restrictions."}},{"type":"Feature","id":"osm:way/1335096654","geometry":{"type":"Point","coordinates":[-1.2929041,50.8888494]},"properties":{"name":"Slipway","category":"slipway","facility":"customers","sourceName":"OpenStreetMap","sourceFeatureId":"osm:way/1335096654","sourceUrl":"https://www.openstreetmap.org/way/1335096654","sourceUpdated":"2026-08-20T23:30:50Z","licence":"ODbL 1.0","warning":"Community-maintained place data. Verify access, facilities and local restrictions."}},{"type":"Feature","id":"osm:way/1356288244","geometry":{"type":"Point","coordinates":[-0.9940371,50.8635922]},"properties":{"name":"Slipway","category":"slipway","sourceName":"OpenStreetMap","sourceFeatureId":"osm:way/1356288244","sourceUrl":"https://www.openstreetmap.org/way/1356288244","sourceUpdated":"2026-08-20T23:30:50Z","licence":"ODbL 1.0","warning":"Community-maintained place data. Verify access, facilities and local restrictions."}},{"type":"Feature","id":"osm:way/1363078912","geometry":{"type":"Point","coordinates":[-1.0759917,50.8369508]},"properties":{"name":"Slipway","category":"slipway","sourceName":"OpenStreetMap","sourceFeatureId":"osm:way/1363078912","sourceUrl":"https://www.openstreetmap.org/way/1363078912","sourceUpdated":"2026-08-20T23:30:50Z","licence":"ODbL 1.0","warning":"Community-maintained place data. Verify access, facilities and local restrictions."}},{"type":"Feature","id":"osm:way/1365221333","geometry":{"type":"Point","coordinates":[-0.9706758,50.8055722]},"properties":{"name":"Slipway","category":"slipway","sourceName":"OpenStreetMap","sourceFeatureId":"osm:way/1365221333","sourceUrl":"https://www.openstreetmap.org/way/1365221333","sourceUpdated":"2026-08-20T23:30:50Z","licence":"ODbL 1.0","warning":"Community-maintained place data. Verify access, facilities and local restrictions."}},{"type":"Feature","id":"osm:way/1365221336","geometry":{"type":"Point","coordinates":[-0.9726725,50.806618]},"properties":{"name":"Slipway","category":"slipway","sourceName":"OpenStreetMap","sourceFeatureId":"osm:way/1365221336","sourceUrl":"https://www.openstreetmap.org/way/1365221336","sourceUpdated":"2026-08-20T23:30:50Z","licence":"ODbL 1.0","warning":"Community-maintained place data. Verify access, facilities and local restrictions."}},{"type":"Feature","id":"osm:way/139741913","geometry":{"type":"Point","coordinates":[-1.0295369,50.7952309]},"properties":{"name":"Slipway","category":"slipway","sourceName":"OpenStreetMap","sourceFeatureId":"osm:way/139741913","sourceUrl":"https://www.openstreetmap.org/way/139741913","sourceUpdated":"2026-08-20T23:30:50Z","licence":"ODbL 1.0","warning":"Community-maintained place data. Verify access, facilities and local restrictions."}},{"type":"Feature","id":"osm:way/139741934","geometry":{"type":"Point","coordinates":[-1.0295612,50.7915657]},"properties":{"name":"Slipway","category":"slipway","sourceName":"OpenStreetMap","sourceFeatureId":"osm:way/139741934","sourceUrl":"https://www.openstreetmap.org/way/139741934","sourceUpdated":"2026-08-20T23:30:50Z","licence":"ODbL 1.0","warning":"Community-maintained place data. Verify access, facilities and local restrictions."}},{"type":"Feature","id":"osm:way/1431043635","geometry":{"type":"Point","coordinates":[-1.0026874,50.8433382]},"properties":{"name":"Slipway","category":"slipway","sourceName":"OpenStreetMap","sourceFeatureId":"osm:way/1431043635","sourceUrl":"https://www.openstreetmap.org/way/1431043635","sourceUpdated":"2026-08-20T23:30:50Z","licence":"ODbL 1.0","warning":"Community-maintained place data. Verify access, facilities and local restrictions."}},{"type":"Feature","id":"osm:way/1451057087","geometry":{"type":"Point","coordinates":[-1.3979044,50.8741518]},"properties":{"name":"Slipway","category":"slipway","sourceName":"OpenStreetMap","sourceFeatureId":"osm:way/1451057087","sourceUrl":"https://www.openstreetmap.org/way/1451057087","sourceUpdated":"2026-08-20T23:30:50Z","licence":"ODbL 1.0","warning":"Community-maintained place data. Verify access, facilities and local restrictions."}},{"type":"Feature","id":"osm:way/1469901344","geometry":{"type":"Point","coordinates":[-1.770516,50.7348484]},"properties":{"name":"Slipway","category":"slipway","sourceName":"OpenStreetMap","sourceFeatureId":"osm:way/1469901344","sourceUrl":"https://www.openstreetmap.org/way/1469901344","sourceUpdated":"2026-08-20T23:30:50Z","licence":"ODbL 1.0","warning":"Community-maintained place data. Verify access, facilities and local restrictions."}},{"type":"Feature","id":"osm:way/1470104061","geometry":{"type":"Point","coordinates":[-1.7693803,50.7321446]},"properties":{"name":"Slipway","category":"slipway","sourceName":"OpenStreetMap","sourceFeatureId":"osm:way/1470104061","sourceUrl":"https://www.openstreetmap.org/way/1470104061","sourceUpdated":"2026-08-20T23:30:50Z","licence":"ODbL 1.0","warning":"Community-maintained place data. Verify access, facilities and local restrictions."}},{"type":"Feature","id":"osm:way/147046233","geometry":{"type":"Point","coordinates":[-1.0944166,50.8276727]},"properties":{"name":"Slipway","category":"slipway","sourceName":"OpenStreetMap","sourceFeatureId":"osm:way/147046233","sourceUrl":"https://www.openstreetmap.org/way/147046233","sourceUpdated":"2026-08-20T23:30:50Z","licence":"ODbL 1.0","warning":"Community-maintained place data. Verify access, facilities and local restrictions."}},{"type":"Feature","id":"osm:way/147046234","geometry":{"type":"Point","coordinates":[-1.0950379,50.8272003]},"properties":{"name":"Slipway","category":"slipway","sourceName":"OpenStreetMap","sourceFeatureId":"osm:way/147046234","sourceUrl":"https://www.openstreetmap.org/way/147046234","sourceUpdated":"2026-08-20T23:30:50Z","licence":"ODbL 1.0","warning":"Community-maintained place data. Verify access, facilities and local restrictions."}},{"type":"Feature","id":"osm:way/1476113289","geometry":{"type":"Point","coordinates":[-1.0298474,50.7915801]},"properties":{"name":"Slipway","category":"slipway","sourceName":"OpenStreetMap","sourceFeatureId":"osm:way/1476113289","sourceUrl":"https://www.openstreetmap.org/way/1476113289","sourceUpdated":"2026-08-20T23:30:50Z","licence":"ODbL 1.0","warning":"Community-maintained place data. Verify access, facilities and local restrictions."}},{"type":"Feature","id":"osm:way/149713705","geometry":{"type":"Point","coordinates":[-1.3829241,50.9004161]},"properties":{"name":"Slipway","category":"slipway","sourceName":"OpenStreetMap","sourceFeatureId":"osm:way/149713705","sourceUrl":"https://www.openstreetmap.org/way/149713705","sourceUpdated":"2026-08-20T23:30:50Z","licence":"ODbL 1.0","warning":"Community-maintained place data. Verify access, facilities and local restrictions."}},{"type":"Feature","id":"osm:way/1544316898","geometry":{"type":"Point","coordinates":[-1.0412694,50.8232975]},"properties":{"name":"Slipway","category":"slipway","facility":"private","sourceName":"OpenStreetMap","sourceFeatureId":"osm:way/1544316898","sourceUrl":"https://www.openstreetmap.org/way/1544316898","sourceUpdated":"2026-08-20T23:30:50Z","licence":"ODbL 1.0","warning":"Community-maintained place data. Verify access, facilities and local restrictions."}},{"type":"Feature","id":"osm:way/1544323717","geometry":{"type":"Point","coordinates":[-1.0408291,50.8227138]},"properties":{"name":"Slipway","category":"slipway","facility":"private","sourceName":"OpenStreetMap","sourceFeatureId":"osm:way/1544323717","sourceUrl":"https://www.openstreetmap.org/way/1544323717","sourceUpdated":"2026-08-20T23:30:50Z","licence":"ODbL 1.0","warning":"Community-maintained place data. Verify access, facilities and local restrictions."}},{"type":"Feature","id":"osm:way/201351832","geometry":{"type":"Point","coordinates":[-1.1082146,50.7979279]},"properties":{"name":"Slipway","category":"slipway","sourceName":"OpenStreetMap","sourceFeatureId":"osm:way/201351832","sourceUrl":"https://www.openstreetmap.org/way/201351832","sourceUpdated":"2026-08-20T23:30:50Z","licence":"ODbL 1.0","warning":"Community-maintained place data. Verify access, facilities and local restrictions."}},{"type":"Feature","id":"osm:way/215247964","geometry":{"type":"Point","coordinates":[-1.3392983,50.8622937]},"properties":{"name":"Slipway","category":"slipway","sourceName":"OpenStreetMap","sourceFeatureId":"osm:way/215247964","sourceUrl":"https://www.openstreetmap.org/way/215247964","sourceUpdated":"2026-08-20T23:30:50Z","licence":"ODbL 1.0","warning":"Community-maintained place data. Verify access, facilities and local restrictions."}},{"type":"Feature","id":"osm:way/216157848","geometry":{"type":"Point","coordinates":[-1.2113466,50.8068256]},"properties":{"name":"Slipway","category":"slipway","sourceName":"OpenStreetMap","sourceFeatureId":"osm:way/216157848","sourceUrl":"https://www.openstreetmap.org/way/216157848","sourceUpdated":"2026-08-20T23:30:50Z","licence":"ODbL 1.0","warning":"Community-maintained place data. Verify access, facilities and local restrictions."}},{"type":"Feature","id":"osm:way/22814455","geometry":{"type":"Point","coordinates":[-1.3873776,50.9003067]},"properties":{"name":"Slipway","category":"slipway","sourceName":"OpenStreetMap","sourceFeatureId":"osm:way/22814455","sourceUrl":"https://www.openstreetmap.org/way/22814455","sourceUpdated":"2026-08-20T23:30:50Z","licence":"ODbL 1.0","warning":"Community-maintained place data. Verify access, facilities and local restrictions."}},{"type":"Feature","id":"osm:way/24920745","geometry":{"type":"Point","coordinates":[-1.0972976,50.8339709]},"properties":{"name":"Slipway","category":"slipway","sourceName":"OpenStreetMap","sourceFeatureId":"osm:way/24920745","sourceUrl":"https://www.openstreetmap.org/way/24920745","sourceUpdated":"2026-08-20T23:30:50Z","licence":"ODbL 1.0","warning":"Community-maintained place data. Verify access, facilities and local restrictions."}},{"type":"Feature","id":"osm:way/27657440","geometry":{"type":"Point","coordinates":[-0.7719918,50.734147]},"properties":{"name":"Slipway","category":"slipway","sourceName":"OpenStreetMap","sourceFeatureId":"osm:way/27657440","sourceUrl":"https://www.openstreetmap.org/way/27657440","sourceUpdated":"2026-08-20T23:30:50Z","licence":"ODbL 1.0","warning":"Community-maintained place data. Verify access, facilities and local restrictions."}},{"type":"Feature","id":"osm:way/288014443","geometry":{"type":"Point","coordinates":[-1.1087942,50.8468855]},"properties":{"name":"Slipway","category":"slipway","sourceName":"OpenStreetMap","sourceFeatureId":"osm:way/288014443","sourceUrl":"https://www.openstreetmap.org/way/288014443","sourceUpdated":"2026-08-20T23:30:50Z","licence":"ODbL 1.0","warning":"Community-maintained place data. Verify access, facilities and local restrictions."}},{"type":"Feature","id":"osm:way/305435594","geometry":{"type":"Point","coordinates":[-1.1496841,50.7783976]},"properties":{"name":"Slipway","category":"slipway","sourceName":"OpenStreetMap","sourceFeatureId":"osm:way/305435594","sourceUrl":"https://www.openstreetmap.org/way/305435594","sourceUpdated":"2026-08-20T23:30:50Z","licence":"ODbL 1.0","warning":"Community-maintained place data. Verify access, facilities and local restrictions."}},{"type":"Feature","id":"osm:way/366373950","geometry":{"type":"Point","coordinates":[-1.3952577,50.7777863]},"properties":{"name":"Slipway","category":"slipway","sourceName":"OpenStreetMap","sourceFeatureId":"osm:way/366373950","sourceUrl":"https://www.openstreetmap.org/way/366373950","sourceUpdated":"2026-08-20T23:30:50Z","licence":"ODbL 1.0","warning":"Community-maintained place data. Verify access, facilities and local restrictions."}},{"type":"Feature","id":"osm:way/366373952","geometry":{"type":"Point","coordinates":[-1.4110071,50.7925017]},"properties":{"name":"Slipway","category":"slipway","sourceName":"OpenStreetMap","sourceFeatureId":"osm:way/366373952","sourceUrl":"https://www.openstreetmap.org/way/366373952","sourceUpdated":"2026-08-20T23:30:50Z","licence":"ODbL 1.0","warning":"Community-maintained place data. Verify access, facilities and local restrictions."}},{"type":"Feature","id":"osm:way/368144654","geometry":{"type":"Point","coordinates":[-1.1971813,50.7945677]},"properties":{"name":"Slipway","category":"slipway","sourceName":"OpenStreetMap","sourceFeatureId":"osm:way/368144654","sourceUrl":"https://www.openstreetmap.org/way/368144654","sourceUpdated":"2026-08-20T23:30:50Z","licence":"ODbL 1.0","warning":"Community-maintained place data. Verify access, facilities and local restrictions."}},{"type":"Feature","id":"osm:way/368144655","geometry":{"type":"Point","coordinates":[-1.1952313,50.793273]},"properties":{"name":"Slipway","category":"slipway","sourceName":"OpenStreetMap","sourceFeatureId":"osm:way/368144655","sourceUrl":"https://www.openstreetmap.org/way/368144655","sourceUpdated":"2026-08-20T23:30:50Z","licence":"ODbL 1.0","warning":"Community-maintained place data. Verify access, facilities and local restrictions."}},{"type":"Feature","id":"osm:way/377153791","geometry":{"type":"Point","coordinates":[-1.384812,50.903953]},"properties":{"name":"Slipway","category":"slipway","sourceName":"OpenStreetMap","sourceFeatureId":"osm:way/377153791","sourceUrl":"https://www.openstreetmap.org/way/377153791","sourceUpdated":"2026-08-20T23:30:50Z","licence":"ODbL 1.0","warning":"Community-maintained place data. Verify access, facilities and local restrictions."}},{"type":"Feature","id":"osm:way/395161118","geometry":{"type":"Point","coordinates":[-1.2420285,50.8178369]},"properties":{"name":"Slipway","category":"slipway","facility":"private","sourceName":"OpenStreetMap","sourceFeatureId":"osm:way/395161118","sourceUrl":"https://www.openstreetmap.org/way/395161118","sourceUpdated":"2026-08-20T23:30:50Z","licence":"ODbL 1.0","warning":"Community-maintained place data. Verify access, facilities and local restrictions."}},{"type":"Feature","id":"osm:way/397364268","geometry":{"type":"Point","coordinates":[-1.1002365,50.8136588]},"properties":{"name":"Slipway","category":"slipway","sourceName":"OpenStreetMap","sourceFeatureId":"osm:way/397364268","sourceUrl":"https://www.openstreetmap.org/way/397364268","sourceUpdated":"2026-08-20T23:30:50Z","licence":"ODbL 1.0","warning":"Community-maintained place data. Verify access, facilities and local restrictions."}},{"type":"Feature","id":"osm:way/436836217","geometry":{"type":"Point","coordinates":[-0.9875372,50.8398976]},"properties":{"name":"Slipway","category":"slipway","sourceName":"OpenStreetMap","sourceFeatureId":"osm:way/436836217","sourceUrl":"https://www.openstreetmap.org/way/436836217","sourceUpdated":"2026-08-20T23:30:50Z","licence":"ODbL 1.0","warning":"Community-maintained place data. Verify access, facilities and local restrictions."}},{"type":"Feature","id":"osm:way/594205424","geometry":{"type":"Point","coordinates":[-0.9787985,50.8356548]},"properties":{"name":"Slipway","category":"slipway","facility":"private","sourceName":"OpenStreetMap","sourceFeatureId":"osm:way/594205424","sourceUrl":"https://www.openstreetmap.org/way/594205424","sourceUpdated":"2026-08-20T23:30:50Z","licence":"ODbL 1.0","warning":"Community-maintained place data. Verify access, facilities and local restrictions."}},{"type":"Feature","id":"osm:way/642143984","geometry":{"type":"Point","coordinates":[-1.1409318,50.7851517]},"properties":{"name":"Slipway","category":"slipway","sourceName":"OpenStreetMap","sourceFeatureId":"osm:way/642143984","sourceUrl":"https://www.openstreetmap.org/way/642143984","sourceUpdated":"2026-08-20T23:30:50Z","licence":"ODbL 1.0","warning":"Community-maintained place data. Verify access, facilities and local restrictions."}},{"type":"Feature","id":"osm:way/642221831","geometry":{"type":"Point","coordinates":[-1.283603,50.8320844]},"properties":{"name":"Slipway","category":"slipway","sourceName":"OpenStreetMap","sourceFeatureId":"osm:way/642221831","sourceUrl":"https://www.openstreetmap.org/way/642221831","sourceUpdated":"2026-08-20T23:30:50Z","licence":"ODbL 1.0","warning":"Community-maintained place data. Verify access, facilities and local restrictions."}},{"type":"Feature","id":"osm:way/643729130","geometry":{"type":"Point","coordinates":[-1.2436014,50.8176844]},"properties":{"name":"Slipway","category":"slipway","sourceName":"OpenStreetMap","sourceFeatureId":"osm:way/643729130","sourceUrl":"https://www.openstreetmap.org/way/643729130","sourceUpdated":"2026-08-20T23:30:50Z","licence":"ODbL 1.0","warning":"Community-maintained place data. Verify access, facilities and local restrictions."}},{"type":"Feature","id":"osm:way/644417525","geometry":{"type":"Point","coordinates":[-1.3576158,50.8749299]},"properties":{"name":"Slipway","category":"slipway","sourceName":"OpenStreetMap","sourceFeatureId":"osm:way/644417525","sourceUrl":"https://www.openstreetmap.org/way/644417525","sourceUpdated":"2026-08-20T23:30:50Z","licence":"ODbL 1.0","warning":"Community-maintained place data. Verify access, facilities and local restrictions."}},{"type":"Feature","id":"osm:way/644417528","geometry":{"type":"Point","coordinates":[-1.3631211,50.8789848]},"properties":{"name":"Slipway","category":"slipway","sourceName":"OpenStreetMap","sourceFeatureId":"osm:way/644417528","sourceUrl":"https://www.openstreetmap.org/way/644417528","sourceUpdated":"2026-08-20T23:30:50Z","licence":"ODbL 1.0","warning":"Community-maintained place data. Verify access, facilities and local restrictions."}},{"type":"Feature","id":"osm:way/655750051","geometry":{"type":"Point","coordinates":[-1.0853844,50.8247121]},"properties":{"name":"Slipway","category":"slipway","facility":"permissive","sourceName":"OpenStreetMap","sourceFeatureId":"osm:way/655750051","sourceUrl":"https://www.openstreetmap.org/way/655750051","sourceUpdated":"2026-08-20T23:30:50Z","licence":"ODbL 1.0","warning":"Community-maintained place data. Verify access, facilities and local restrictions."}},{"type":"Feature","id":"osm:way/725678989","geometry":{"type":"Point","coordinates":[-1.2997719,50.8872473]},"properties":{"name":"Slipway","category":"slipway","sourceName":"OpenStreetMap","sourceFeatureId":"osm:way/725678989","sourceUrl":"https://www.openstreetmap.org/way/725678989","sourceUpdated":"2026-08-20T23:30:50Z","licence":"ODbL 1.0","warning":"Community-maintained place data. Verify access, facilities and local restrictions."}},{"type":"Feature","id":"osm:way/725678999","geometry":{"type":"Point","coordinates":[-1.3002712,50.8845391]},"properties":{"name":"Slipway","category":"slipway","sourceName":"OpenStreetMap","sourceFeatureId":"osm:way/725678999","sourceUrl":"https://www.openstreetmap.org/way/725678999","sourceUpdated":"2026-08-20T23:30:50Z","licence":"ODbL 1.0","warning":"Community-maintained place data. Verify access, facilities and local restrictions."}},{"type":"Feature","id":"osm:way/803075433","geometry":{"type":"Point","coordinates":[-0.9066464,50.8167217]},"properties":{"name":"Slipway","category":"slipway","facility":"private","sourceName":"OpenStreetMap","sourceFeatureId":"osm:way/803075433","sourceUrl":"https://www.openstreetmap.org/way/803075433","sourceUpdated":"2026-08-20T23:30:50Z","licence":"ODbL 1.0","warning":"Community-maintained place data. Verify access, facilities and local restrictions."}},{"type":"Feature","id":"osm:way/833364856","geometry":{"type":"Point","coordinates":[-1.3126847,50.871966]},"properties":{"name":"Slipway","category":"slipway","sourceName":"OpenStreetMap","sourceFeatureId":"osm:way/833364856","sourceUrl":"https://www.openstreetmap.org/way/833364856","sourceUpdated":"2026-08-20T23:30:50Z","licence":"ODbL 1.0","warning":"Community-maintained place data. Verify access, facilities and local restrictions."}},{"type":"Feature","id":"osm:way/894191729","geometry":{"type":"Point","coordinates":[-1.9467843,50.6075053]},"properties":{"name":"Slipway","category":"slipway","sourceName":"OpenStreetMap","sourceFeatureId":"osm:way/894191729","sourceUrl":"https://www.openstreetmap.org/way/894191729","sourceUpdated":"2026-08-20T23:30:50Z","licence":"ODbL 1.0","warning":"Community-maintained place data. Verify access, facilities and local restrictions."}},{"type":"Feature","id":"osm:way/89968537","geometry":{"type":"Point","coordinates":[-1.3836549,50.8892899]},"properties":{"name":"Slipway","category":"slipway","facility":"yes","sourceName":"OpenStreetMap","sourceFeatureId":"osm:way/89968537","sourceUrl":"https://www.openstreetmap.org/way/89968537","sourceUpdated":"2026-08-20T23:30:50Z","licence":"ODbL 1.0","warning":"Community-maintained place data. Verify access, facilities and local restrictions."}},{"type":"Feature","id":"osm:way/900369749","geometry":{"type":"Point","coordinates":[-1.3871491,50.9203074]},"properties":{"name":"Slipway","category":"slipway","facility":"private","sourceName":"OpenStreetMap","sourceFeatureId":"osm:way/900369749","sourceUrl":"https://www.openstreetmap.org/way/900369749","sourceUpdated":"2026-08-20T23:30:50Z","licence":"ODbL 1.0","warning":"Community-maintained place data. Verify access, facilities and local restrictions."}},{"type":"Feature","id":"osm:way/905562831","geometry":{"type":"Point","coordinates":[-1.4744633,50.9097475]},"properties":{"name":"Slipway","category":"slipway","facility":"yes","sourceName":"OpenStreetMap","sourceFeatureId":"osm:way/905562831","sourceUrl":"https://www.openstreetmap.org/way/905562831","sourceUpdated":"2026-08-20T23:30:50Z","licence":"ODbL 1.0","warning":"Community-maintained place data. Verify access, facilities and local restrictions."}},{"type":"Feature","id":"osm:way/925509093","geometry":{"type":"Point","coordinates":[-1.2977391,50.8808645]},"properties":{"name":"Slipway","category":"slipway","sourceName":"OpenStreetMap","sourceFeatureId":"osm:way/925509093","sourceUrl":"https://www.openstreetmap.org/way/925509093","sourceUpdated":"2026-08-20T23:30:50Z","licence":"ODbL 1.0","warning":"Community-maintained place data. Verify access, facilities and local restrictions."}},{"type":"Feature","id":"osm:way/947419089","geometry":{"type":"Point","coordinates":[-1.4806286,50.9904921]},"properties":{"name":"Slipway","category":"slipway","sourceName":"OpenStreetMap","sourceFeatureId":"osm:way/947419089","sourceUrl":"https://www.openstreetmap.org/way/947419089","sourceUpdated":"2026-08-20T23:30:50Z","licence":"ODbL 1.0","warning":"Community-maintained place data. Verify access, facilities and local restrictions."}},{"type":"Feature","id":"osm:way/948380986","geometry":{"type":"Point","coordinates":[-1.4126494,50.7839525]},"properties":{"name":"Slipway","category":"slipway","sourceName":"OpenStreetMap","sourceFeatureId":"osm:way/948380986","sourceUrl":"https://www.openstreetmap.org/way/948380986","sourceUpdated":"2026-08-20T23:30:50Z","licence":"ODbL 1.0","warning":"Community-maintained place data. Verify access, facilities and local restrictions."}},{"type":"Feature","id":"osm:way/948390104","geometry":{"type":"Point","coordinates":[-1.4762041,50.9212519]},"properties":{"name":"Slipway","category":"slipway","sourceName":"OpenStreetMap","sourceFeatureId":"osm:way/948390104","sourceUrl":"https://www.openstreetmap.org/way/948390104","sourceUpdated":"2026-08-20T23:30:50Z","licence":"ODbL 1.0","warning":"Community-maintained place data. Verify access, facilities and local restrictions."}},{"type":"Feature","id":"osm:way/963487873","geometry":{"type":"Point","coordinates":[-1.3229522,50.8181702]},"properties":{"name":"Slipway","category":"slipway","sourceName":"OpenStreetMap","sourceFeatureId":"osm:way/963487873","sourceUrl":"https://www.openstreetmap.org/way/963487873","sourceUpdated":"2026-08-20T23:30:50Z","licence":"ODbL 1.0","warning":"Community-maintained place data. Verify access, facilities and local restrictions."}},{"type":"Feature","id":"osm:way/970853892","geometry":{"type":"Point","coordinates":[-1.4882061,50.9886275]},"properties":{"name":"Slipway","category":"slipway","facility":"permit","sourceName":"OpenStreetMap","sourceFeatureId":"osm:way/970853892","sourceUrl":"https://www.openstreetmap.org/way/970853892","sourceUpdated":"2026-08-20T23:30:50Z","licence":"ODbL 1.0","warning":"Community-maintained place data. Verify access, facilities and local restrictions."}},{"type":"Feature","id":"osm:way/97150901","geometry":{"type":"Point","coordinates":[-0.979781,50.835472]},"properties":{"name":"Slipway","category":"slipway","sourceName":"OpenStreetMap","sourceFeatureId":"osm:way/97150901","sourceUrl":"https://www.openstreetmap.org/way/97150901","sourceUpdated":"2026-08-20T23:30:50Z","licence":"ODbL 1.0","warning":"Community-maintained place data. Verify access, facilities and local restrictions."}},{"type":"Feature","id":"osm:way/985223289","geometry":{"type":"Point","coordinates":[-0.7996602,50.7265704]},"properties":{"name":"Slipway","category":"slipway","sourceName":"OpenStreetMap","sourceFeatureId":"osm:way/985223289","sourceUrl":"https://www.openstreetmap.org/way/985223289","sourceUpdated":"2026-08-20T23:30:50Z","licence":"ODbL 1.0","warning":"Community-maintained place data. Verify access, facilities and local restrictions."}},{"type":"Feature","id":"osm:way/986596936","geometry":{"type":"Point","coordinates":[-0.8461105,50.754913]},"properties":{"name":"Slipway","category":"slipway","facility":"yes","sourceName":"OpenStreetMap","sourceFeatureId":"osm:way/986596936","sourceUrl":"https://www.openstreetmap.org/way/986596936","sourceUpdated":"2026-08-20T23:30:50Z","licence":"ODbL 1.0","warning":"Community-maintained place data. Verify access, facilities and local restrictions."}},{"type":"Feature","id":"osm:way/1067915483","geometry":{"type":"Point","coordinates":[-1.3882414,50.9069244]},"properties":{"name":"Southampton City Council","category":"slipway","facility":"yes","operator":"Southampton City Council","sourceName":"OpenStreetMap","sourceFeatureId":"osm:way/1067915483","sourceUrl":"https://www.openstreetmap.org/way/1067915483","sourceUpdated":"2026-08-20T23:30:50Z","licence":"ODbL 1.0","warning":"Community-maintained place data. Verify access, facilities and local restrictions."}},{"type":"Feature","id":"osm:relation/3519327","geometry":{"type":"Point","coordinates":[-1.383168,50.8993606]},"properties":{"name":"Supermarine Slipway","category":"slipway","sourceName":"OpenStreetMap","sourceFeatureId":"osm:relation/3519327","sourceUrl":"https://www.openstreetmap.org/relation/3519327","sourceUpdated":"2026-08-20T23:30:50Z","licence":"ODbL 1.0","warning":"Community-maintained place data. Verify access, facilities and local restrictions."}},{"type":"Feature","id":"osm:node/9010660797","geometry":{"type":"Point","coordinates":[-0.8157892,50.8194679]},"properties":{"name":"The Hard","category":"slipway","sourceName":"OpenStreetMap","sourceFeatureId":"osm:node/9010660797","sourceUrl":"https://www.openstreetmap.org/node/9010660797","sourceUpdated":"2026-08-20T23:29:45Z","licence":"ODbL 1.0","warning":"Community-maintained place data. Verify access, facilities and local restrictions."}},{"type":"Feature","id":"osm:node/5230376076","geometry":{"type":"Point","coordinates":[-1.2050213,50.5930343]},"properties":{"name":"Ventnor Haven Slipway","category":"slipway","sourceName":"OpenStreetMap","sourceFeatureId":"osm:node/5230376076","sourceUrl":"https://www.openstreetmap.org/node/5230376076","sourceUpdated":"2026-08-20T23:29:45Z","licence":"ODbL 1.0","warning":"Community-maintained place data. Verify access, facilities and local restrictions."}},{"type":"Feature","id":"osm:way/9703382","geometry":{"type":"Point","coordinates":[-1.3851183,50.8988535]},"properties":{"name":"Itchen Bridge","category":"structure","facility":"bridge","sourceName":"OpenStreetMap","sourceFeatureId":"osm:way/9703382","sourceUrl":"https://www.openstreetmap.org/way/9703382","sourceUpdated":"2026-08-20T23:30:50Z","licence":"ODbL 1.0","warning":"Community-maintained place data. Verify access, facilities and local restrictions."}},{"type":"Feature","id":"osm:node/10931670797","geometry":{"type":"Point","coordinates":[-0.8247248,50.8049318]},"properties":{"name":"Marine structure","category":"structure","facility":"gate","sourceName":"OpenStreetMap","sourceFeatureId":"osm:node/10931670797","sourceUrl":"https://www.openstreetmap.org/node/10931670797","sourceUpdated":"2026-08-20T23:29:45Z","licence":"ODbL 1.0","warning":"Community-maintained place data. Verify access, facilities and local restrictions."}},{"type":"Feature","id":"osm:node/10931743701","geometry":{"type":"Point","coordinates":[-0.8305314,50.8037489]},"properties":{"name":"Marine structure","category":"structure","facility":"gate","sourceName":"OpenStreetMap","sourceFeatureId":"osm:node/10931743701","sourceUrl":"https://www.openstreetmap.org/node/10931743701","sourceUpdated":"2026-08-20T23:29:45Z","licence":"ODbL 1.0","warning":"Community-maintained place data. Verify access, facilities and local restrictions."}},{"type":"Feature","id":"osm:node/10931743702","geometry":{"type":"Point","coordinates":[-0.8304313,50.8035839]},"properties":{"name":"Marine structure","category":"structure","facility":"gate","sourceName":"OpenStreetMap","sourceFeatureId":"osm:node/10931743702","sourceUrl":"https://www.openstreetmap.org/node/10931743702","sourceUpdated":"2026-08-20T23:29:45Z","licence":"ODbL 1.0","warning":"Community-maintained place data. Verify access, facilities and local restrictions."}},{"type":"Feature","id":"osm:node/11009743","geometry":{"type":"Point","coordinates":[-1.1125212,50.837952]},"properties":{"name":"Marine structure","category":"structure","facility":"gate","sourceName":"OpenStreetMap","sourceFeatureId":"osm:node/11009743","sourceUrl":"https://www.openstreetmap.org/node/11009743","sourceUpdated":"2026-08-20T23:29:45Z","licence":"ODbL 1.0","warning":"Community-maintained place data. Verify access, facilities and local restrictions."}},{"type":"Feature","id":"osm:node/1287666637","geometry":{"type":"Point","coordinates":[-1.1026751,50.8436438]},"properties":{"name":"Marine structure","category":"structure","facility":"gate","sourceName":"OpenStreetMap","sourceFeatureId":"osm:node/1287666637","sourceUrl":"https://www.openstreetmap.org/node/1287666637","sourceUpdated":"2026-08-20T23:29:45Z","licence":"ODbL 1.0","warning":"Community-maintained place data. Verify access, facilities and local restrictions."}},{"type":"Feature","id":"osm:node/178244878","geometry":{"type":"Point","coordinates":[-1.3997018,50.8756592]},"properties":{"name":"Marine structure","category":"structure","facility":"gate","sourceName":"OpenStreetMap","sourceFeatureId":"osm:node/178244878","sourceUrl":"https://www.openstreetmap.org/node/178244878","sourceUpdated":"2026-08-20T23:29:45Z","licence":"ODbL 1.0","warning":"Community-maintained place data. Verify access, facilities and local restrictions."}},{"type":"Feature","id":"osm:node/178250232","geometry":{"type":"Point","coordinates":[-1.4000135,50.8754114]},"properties":{"name":"Marine structure","category":"structure","facility":"gate","sourceName":"OpenStreetMap","sourceFeatureId":"osm:node/178250232","sourceUrl":"https://www.openstreetmap.org/node/178250232","sourceUpdated":"2026-08-20T23:29:45Z","licence":"ODbL 1.0","warning":"Community-maintained place data. Verify access, facilities and local restrictions."}},{"type":"Feature","id":"osm:node/279927315","geometry":{"type":"Point","coordinates":[-1.2798313,50.7251063]},"properties":{"name":"Marine structure","category":"structure","facility":"gate","sourceName":"OpenStreetMap","sourceFeatureId":"osm:node/279927315","sourceUrl":"https://www.openstreetmap.org/node/279927315","sourceUpdated":"2026-08-20T23:29:45Z","licence":"ODbL 1.0","warning":"Community-maintained place data. Verify access, facilities and local restrictions."}},{"type":"Feature","id":"osm:node/279927316","geometry":{"type":"Point","coordinates":[-1.2795427,50.7249977]},"properties":{"name":"Marine structure","category":"structure","facility":"gate","sourceName":"OpenStreetMap","sourceFeatureId":"osm:node/279927316","sourceUrl":"https://www.openstreetmap.org/node/279927316","sourceUpdated":"2026-08-20T23:29:45Z","licence":"ODbL 1.0","warning":"Community-maintained place data. Verify access, facilities and local restrictions."}},{"type":"Feature","id":"osm:node/282518518","geometry":{"type":"Point","coordinates":[-0.8282258,50.8040238]},"properties":{"name":"Marine structure","category":"structure","facility":"gate","sourceName":"OpenStreetMap","sourceFeatureId":"osm:node/282518518","sourceUrl":"https://www.openstreetmap.org/node/282518518","sourceUpdated":"2026-08-20T23:29:45Z","licence":"ODbL 1.0","warning":"Community-maintained place data. Verify access, facilities and local restrictions."}},{"type":"Feature","id":"osm:node/317480934","geometry":{"type":"Point","coordinates":[-0.8277819,50.8039178]},"properties":{"name":"Marine structure","category":"structure","facility":"gate","sourceName":"OpenStreetMap","sourceFeatureId":"osm:node/317480934","sourceUrl":"https://www.openstreetmap.org/node/317480934","sourceUpdated":"2026-08-20T23:29:45Z","licence":"ODbL 1.0","warning":"Community-maintained place data. Verify access, facilities and local restrictions."}},{"type":"Feature","id":"osm:node/320059775","geometry":{"type":"Point","coordinates":[-0.8251631,50.8050225]},"properties":{"name":"Marine structure","category":"structure","facility":"gate","sourceName":"OpenStreetMap","sourceFeatureId":"osm:node/320059775","sourceUrl":"https://www.openstreetmap.org/node/320059775","sourceUpdated":"2026-08-20T23:29:45Z","licence":"ODbL 1.0","warning":"Community-maintained place data. Verify access, facilities and local restrictions."}},{"type":"Feature","id":"osm:node/4415524400","geometry":{"type":"Point","coordinates":[-1.3011879,50.8847029]},"properties":{"name":"Marine structure","category":"structure","facility":"bridge","sourceName":"OpenStreetMap","sourceFeatureId":"osm:node/4415524400","sourceUrl":"https://www.openstreetmap.org/node/4415524400","sourceUpdated":"2026-08-20T23:29:45Z","licence":"ODbL 1.0","warning":"Community-maintained place data. Verify access, facilities and local restrictions."}},{"type":"Feature","id":"osm:node/4415524405","geometry":{"type":"Point","coordinates":[-1.2997935,50.8863262]},"properties":{"name":"Marine structure","category":"structure","facility":"bridge","sourceName":"OpenStreetMap","sourceFeatureId":"osm:node/4415524405","sourceUrl":"https://www.openstreetmap.org/node/4415524405","sourceUpdated":"2026-08-20T23:29:45Z","licence":"ODbL 1.0","warning":"Community-maintained place data. Verify access, facilities and local restrictions."}},{"type":"Feature","id":"osm:node/4415524406","geometry":{"type":"Point","coordinates":[-1.2992863,50.8864935]},"properties":{"name":"Marine structure","category":"structure","facility":"bridge","sourceName":"OpenStreetMap","sourceFeatureId":"osm:node/4415524406","sourceUrl":"https://www.openstreetmap.org/node/4415524406","sourceUpdated":"2026-08-20T23:29:45Z","licence":"ODbL 1.0","warning":"Community-maintained place data. Verify access, facilities and local restrictions."}},{"type":"Feature","id":"osm:way/486663636","geometry":{"type":"Point","coordinates":[-1.1033971,50.8438126]},"properties":{"name":"Marine structure","category":"structure","facility":"gate","sourceName":"OpenStreetMap","sourceFeatureId":"osm:way/486663636","sourceUrl":"https://www.openstreetmap.org/way/486663636","sourceUpdated":"2026-08-20T23:30:50Z","licence":"ODbL 1.0","warning":"Community-maintained place data. Verify access, facilities and local restrictions."}},{"type":"Feature","id":"osm:way/486663638","geometry":{"type":"Point","coordinates":[-1.1027426,50.8436659]},"properties":{"name":"Marine structure","category":"structure","facility":"gate","sourceName":"OpenStreetMap","sourceFeatureId":"osm:way/486663638","sourceUrl":"https://www.openstreetmap.org/way/486663638","sourceUpdated":"2026-08-20T23:30:50Z","licence":"ODbL 1.0","warning":"Community-maintained place data. Verify access, facilities and local restrictions."}},{"type":"Feature","id":"osm:way/655708923","geometry":{"type":"Point","coordinates":[-0.8278017,50.8039248]},"properties":{"name":"Marine structure","category":"structure","facility":"gate","sourceName":"OpenStreetMap","sourceFeatureId":"osm:way/655708923","sourceUrl":"https://www.openstreetmap.org/way/655708923","sourceUpdated":"2026-08-20T23:30:50Z","licence":"ODbL 1.0","warning":"Community-maintained place data. Verify access, facilities and local restrictions."}},{"type":"Feature","id":"osm:way/655708925","geometry":{"type":"Point","coordinates":[-0.8282468,50.8040312]},"properties":{"name":"Marine structure","category":"structure","facility":"gate","sourceName":"OpenStreetMap","sourceFeatureId":"osm:way/655708925","sourceUrl":"https://www.openstreetmap.org/way/655708925","sourceUpdated":"2026-08-20T23:30:50Z","licence":"ODbL 1.0","warning":"Community-maintained place data. Verify access, facilities and local restrictions."}},{"type":"Feature","id":"osm:node/569520002","geometry":{"type":"Point","coordinates":[-1.3178338,51.0360788]},"properties":{"name":"Twyford Lane Lock","category":"structure","facility":"gate","sourceName":"OpenStreetMap","sourceFeatureId":"osm:node/569520002","sourceUrl":"https://www.openstreetmap.org/node/569520002","sourceUpdated":"2026-08-20T23:29:45Z","licence":"ODbL 1.0","warning":"Community-maintained place data. Verify access, facilities and local restrictions."}},{"type":"Feature","id":"tide:lymington-lym-gbr-cco","geometry":{"type":"Point","coordinates":[-1.50714,50.7403]},"properties":{"name":"Lymington","category":"tide_station","facility":"Astronomical tide prediction · LAT","sourceName":"TICON-4 via Neaps tide-database","sourceFeatureId":"lymington-lym-gbr-cco","sourceUrl":"https://www.seanoe.org/data/00980/109129/","sourceUpdated":"ac4b610af86f","licence":"CC BY 4.0","warning":"Astronomical prediction only. Not official, not observed, and does not include weather effects."}},{"type":"Feature","id":"tide:portsmouth-ptm-gbr-bodc","geometry":{"type":"Point","coordinates":[-1.11125,50.802194]},"properties":{"name":"Portsmouth","category":"tide_station","facility":"Astronomical tide prediction · LAT","sourceName":"TICON-4 via Neaps tide-database","sourceFeatureId":"portsmouth-ptm-gbr-bodc","sourceUrl":"https://www.seanoe.org/data/00980/109129/","sourceUpdated":"ac4b610af86f","licence":"CC BY 4.0","warning":"Astronomical prediction only. Not official, not observed, and does not include weather effects."}},{"type":"Feature","id":"tide:southampton-sou-gbr-da_idh","geometry":{"type":"Point","coordinates":[-1.3931,50.8839]},"properties":{"name":"Southampton","category":"tide_station","facility":"Astronomical tide prediction · LAT","sourceName":"TICON-4 via Neaps tide-database","sourceFeatureId":"southampton-sou-gbr-da_idh","sourceUrl":"https://www.seanoe.org/data/00980/109129/","sourceUpdated":"ac4b610af86f","licence":"CC BY 4.0","warning":"Astronomical prediction only. Not official, not observed, and does not include weather effects."}}]}
